[{"__type__":"cc.SpriteFrame","content":{"name":"default_btn_disabled","texture":"71VhFCTINJM6/Ky3oX9nBT","rect":[0,0,40,40],"offset":[0,0],"originalSize":[40,40],"capInsets":[12,12,12,12]}},[{"__type__":"cc.SceneAsset","_name":"index","scene":{"__id__":1},"asyncLoadAssets":null},{"__type__":"cc.Scene","_name":"New Node","_children":[{"__id__":2}],"_anchorPoint":{"__type__":"cc.Vec2"},"_scale":{"__type__":"cc.Vec3","x":0.771435546875,"y":0.771435546875,"z":1},"_zIndex":0,"autoReleaseAssets":false},{"__type__":"cc.Node","_name":"Canvas","_parent":{"__id__":1},"_children":[{"__id__":3},{"__id__":4},{"__id__":5},{"__id__":8},{"__id__":11},{"__id__":14},{"__id__":15},{"__id__":16},{"__id__":17}],"_components":[{"__type__":"cc.Canvas","node":{"__id__":2},"_fitWidth":true},{"__type__":"0c67eeDeuNCrYURpguviuko","node":{"__id__":2},"caseExperience":{"__id__":7},"networkFlow":{"__id__":10},"exampleExplain":{"__id__":13}}],"_contentSize":{"__type__":"cc.Size","width":960,"height":640},"_position":{"__type__":"cc.Vec3","x":480,"y":320},"_scale":{"__type__":"cc.Vec3","x":1,"y":1,"z":1},"_zIndex":0,"_id":"a1gWOW+XpHeKh04IcHe8/n"},{"__type__":"cc.Node","_name":"Main Camera","_parent":{"__id__":2},"_level":2,"_components":[{"__type__":"cc.Camera","node":{"__id__":3},"_clearFlags":7,"_depth":-1}],"_scale":{"__type__":"cc.Vec3","x":1,"y":1,"z":1},"_zIndex":0},{"__type__":"cc.Node","_name":"Layout","_parent":{"__id__":2},"_level":2,"_components":[{"__type__":"cc.Sprite","node":{"__id__":4},"_spriteFrame":{"__uuid__":"9bvaMerUlDyary99mJa6xp"},"_type":1,"_sizeMode":0},{"__type__":"cc.Layout","node":{"__id__":4},"_layoutSize":{"__type__":"cc.Size","width":960,"height":640}}],"_color":{"__type__":"cc.Color","r":57,"g":61,"b":64},"_contentSize":{"__type__":"cc.Size","width":960,"height":640},"_scale":{"__type__":"cc.Vec3","x":1,"y":1,"z":1},"_zIndex":0},{"__type__":"cc.Node","_name":"caseExperience","_parent":{"__id__":2},"_children":[{"__id__":6}],"_level":2,"_components":[{"__type__":"cc.Sprite","node":{"__id__":5},"_spriteFrame":{"__uuid__":"f0BIwQ8D5Ml7nTNQbh1YlS"},"_type":1,"_sizeMode":0},{"__id__":7}],"_color":{"__type__":"cc.Color","r":92,"g":108,"b":125},"_contentSize":{"__type__":"cc.Size","width":360,"height":50},"_position":{"__type__":"cc.Vec3","y":120},"_scale":{"__type__":"cc.Vec3","x":1,"y":1,"z":1},"_zIndex":0},{"__type__":"cc.Node","_name":"Label","_parent":{"__id__":5},"_components":[{"__type__":"cc.Label","node":{"__id__":6},"_useOriginalSize":false,"_string":"联网案例合集","_N$string":"联网案例合集","_fontSize":20,"_enableWrapText":false,"_N$horizontalAlign":1,"_N$verticalAlign":1,"_N$overflow":1}],"_contentSize":{"__type__":"cc.Size","width":360,"height":50},"_scale":{"__type__":"cc.Vec3","x":1,"y":1,"z":1},"_zIndex":0},{"__type__":"cc.Button","node":{"__id__":5},"clickEvents":[{"__type__":"cc.ClickEvent"}],"_N$transition":2,"transition":2,"_N$normalColor":{"__type__":"cc.Color","r":255,"g":255,"b":255},"_N$pressedColor":{"__type__":"cc.Color","r":255,"g":255,"b":255},"pressedColor":{"__type__":"cc.Color","r":255,"g":255,"b":255},"_N$disabledColor":{"__type__":"cc.Color","r":255,"g":255,"b":255},"_N$normalSprite":{"__uuid__":"f0BIwQ8D5Ml7nTNQbh1YlS"},"_N$pressedSprite":{"__uuid__":"e97GVMl6JHh5Ml5qEDdSGa"},"pressedSprite":{"__uuid__":"e97GVMl6JHh5Ml5qEDdSGa"},"_N$hoverSprite":{"__uuid__":"f0BIwQ8D5Ml7nTNQbh1YlS"},"hoverSprite":{"__uuid__":"f0BIwQ8D5Ml7nTNQbh1YlS"},"_N$disabledSprite":{"__uuid__":"29FYIk+N1GYaeWH/q1NxQO"},"_N$target":{"__id__":5}},{"__type__":"cc.Node","_name":"networkFlow","_parent":{"__id__":2},"_children":[{"__id__":9}],"_level":2,"_components":[{"__type__":"cc.Sprite","node":{"__id__":8},"_spriteFrame":{"__uuid__":"f0BIwQ8D5Ml7nTNQbh1YlS"},"_type":1,"_sizeMode":0},{"__id__":10}],"_color":{"__type__":"cc.Color","r":92,"g":108,"b":125},"_contentSize":{"__type__":"cc.Size","width":360,"height":50},"_scale":{"__type__":"cc.Vec3","x":1,"y":1,"z":1},"_zIndex":0},{"__type__":"cc.Node","_name":"Label","_parent":{"__id__":8},"_components":[{"__type__":"cc.Label","node":{"__id__":9},"_useOriginalSize":false,"_string":"立即体验","_N$string":"立即体验","_fontSize":20,"_enableWrapText":false,"_N$horizontalAlign":1,"_N$verticalAlign":1,"_N$overflow":1}],"_contentSize":{"__type__":"cc.Size","width":360,"height":50},"_scale":{"__type__":"cc.Vec3","x":1,"y":1,"z":1},"_zIndex":0},{"__type__":"cc.Button","node":{"__id__":8},"_N$transition":2,"transition":2,"_N$normalColor":{"__type__":"cc.Color","r":255,"g":255,"b":255},"_N$pressedColor":{"__type__":"cc.Color","r":255,"g":255,"b":255},"pressedColor":{"__type__":"cc.Color","r":255,"g":255,"b":255},"_N$disabledColor":{"__type__":"cc.Color","r":255,"g":255,"b":255},"_N$normalSprite":{"__uuid__":"f0BIwQ8D5Ml7nTNQbh1YlS"},"_N$pressedSprite":{"__uuid__":"e97GVMl6JHh5Ml5qEDdSGa"},"pressedSprite":{"__uuid__":"e97GVMl6JHh5Ml5qEDdSGa"},"_N$hoverSprite":{"__uuid__":"f0BIwQ8D5Ml7nTNQbh1YlS"},"hoverSprite":{"__uuid__":"f0BIwQ8D5Ml7nTNQbh1YlS"},"_N$disabledSprite":{"__uuid__":"29FYIk+N1GYaeWH/q1NxQO"},"_N$target":{"__id__":8}},{"__type__":"cc.Node","_name":"exampleExplain","_parent":{"__id__":2},"_children":[{"__id__":12}],"_level":2,"_components":[{"__type__":"cc.Sprite","node":{"__id__":11},"_spriteFrame":{"__uuid__":"f0BIwQ8D5Ml7nTNQbh1YlS"},"_type":1,"_sizeMode":0},{"__id__":13}],"_color":{"__type__":"cc.Color","r":92,"g":108,"b":125},"_contentSize":{"__type__":"cc.Size","width":360,"height":50},"_position":{"__type__":"cc.Vec3","y":-120},"_scale":{"__type__":"cc.Vec3","x":1,"y":1,"z":1},"_zIndex":0},{"__type__":"cc.Node","_name":"Label","_parent":{"__id__":11},"_components":[{"__type__":"cc.Label","node":{"__id__":12},"_useOriginalSize":false,"_string":"范例教程","_N$string":"范例教程","_fontSize":20,"_enableWrapText":false,"_N$horizontalAlign":1,"_N$verticalAlign":1,"_N$overflow":1}],"_contentSize":{"__type__":"cc.Size","width":360,"height":50},"_scale":{"__type__":"cc.Vec3","x":1,"y":1,"z":1},"_zIndex":0},{"__type__":"cc.Button","node":{"__id__":11},"_N$transition":2,"transition":2,"_N$normalColor":{"__type__":"cc.Color","r":255,"g":255,"b":255},"_N$pressedColor":{"__type__":"cc.Color","r":255,"g":255,"b":255},"pressedColor":{"__type__":"cc.Color","r":255,"g":255,"b":255},"_N$disabledColor":{"__type__":"cc.Color","r":255,"g":255,"b":255},"_N$normalSprite":{"__uuid__":"f0BIwQ8D5Ml7nTNQbh1YlS"},"_N$pressedSprite":{"__uuid__":"e97GVMl6JHh5Ml5qEDdSGa"},"pressedSprite":{"__uuid__":"e97GVMl6JHh5Ml5qEDdSGa"},"_N$hoverSprite":{"__uuid__":"f0BIwQ8D5Ml7nTNQbh1YlS"},"hoverSprite":{"__uuid__":"f0BIwQ8D5Ml7nTNQbh1YlS"},"_N$disabledSprite":{"__uuid__":"29FYIk+N1GYaeWH/q1NxQO"},"_N$target":{"__id__":11}},{"__type__":"cc.Node","_name":"New Label","_parent":{"__id__":2},"_level":2,"_components":[{"__type__":"cc.Label","node":{"__id__":14},"_useOriginalSize":false,"_string":"*适用于新手了解联网接入过程以及  api 使用方法","_N$string":"*适用于新手了解联网接入过程以及  api 使用方法","_fontSize":17.5,"_lineHeight":20,"_N$horizontalAlign":1,"_N$verticalAlign":1}],"_contentSize":{"__type__":"cc.Size","width":377.25,"height":20},"_position":{"__type__":"cc.Vec3","y":-250},"_scale":{"__type__":"cc.Vec3","x":1,"y":1,"z":1},"_zIndex":0},{"__type__":"cc.Node","_name":"New Sprite","_parent":{"__id__":2},"_level":2,"_components":[{"__type__":"cc.Sprite","node":{"__id__":15},"_spriteFrame":{"__uuid__":"70V6qfHqdGS7iXtaP94+OQ"},"_sizeMode":0}],"_contentSize":{"__type__":"cc.Size","width":80,"height":70},"_position":{"__type__":"cc.Vec3","y":270},"_scale":{"__type__":"cc.Vec3","x":1,"y":1,"z":1},"_zIndex":0},{"__type__":"cc.Node","_name":"New Label","_parent":{"__id__":2},"_level":2,"_components":[{"__type__":"cc.Label","node":{"__id__":16},"_useOriginalSize":false,"_string":"由 Matchvs 提供技术支持","_N$string":"由 Matchvs 提供技术支持","_fontSize":17.5,"_lineHeight":20,"_N$horizontalAlign":1,"_N$verticalAlign":1}],"_contentSize":{"__type__":"cc.Size","width":197.38,"height":20},"_position":{"__type__":"cc.Vec3","x":-1,"y":220},"_scale":{"__type__":"cc.Vec3","x":1,"y":1,"z":1},"_zIndex":0},{"__type__":"cc.Node","_name":"New Label","_parent":{"__id__":2},"_level":1,"_components":[{"__type__":"cc.Label","node":{"__id__":17},"_useOriginalSize":false,"_string":"*适用于调试过程中遇到问题,进行服务验证","_N$string":"*适用于调试过程中遇到问题,进行服务验证","_fontSize":16,"_lineHeight":20,"_N$horizontalAlign":1,"_N$verticalAlign":1}],"_contentSize":{"__type__":"cc.Size","width":298.67,"height":20},"_position":{"__type__":"cc.Vec3","x":1,"y":-273},"_scale":{"__type__":"cc.Vec3","x":1,"y":1,"z":1},"_zIndex":0}],{"__type__":"cc.SpriteFrame","content":{"name":"mvs_logo","texture":"27hl57ktFOSL3oe3k0yLtg","rect":[0,0,130,130],"offset":[0,0],"originalSize":[130,130],"capInsets":[0,0,0,0]}},{"__type__":"cc.SpriteFrame","content":{"name":"default_panel","texture":"d8HsitJHxOYqo801xBk8ev","rect":[0,0,20,20],"offset":[0,0],"originalSize":[20,20],"capInsets":[6,6,6,6]}},{"__type__":"cc.SpriteFrame","content":{"name":"default_btn_pressed","texture":"b4P/PCArtIdIH38t6mlw8Y","rect":[0,0,40,40],"offset":[0,0],"originalSize":[40,40],"capInsets":[12,12,12,12]}},{"__type__":"cc.SpriteFrame","content":{"name":"default_btn_normal","texture":"e8Ueib+qJEhL6mXAHdnwbi","rect":[0,0,40,40],"offset":[0,0],"originalSize":[40,40],"capInsets":[12,12,12,12]}}]