[
  {
    "__type__": "cc.SpriteFrame",
    "content": {
      "name": "default_progressbar",
      "texture": "cf73jxyN9Jt47QTJU6ziYh",
      "rect": [
        0,
        0,
        30,
        15
      ],
      "offset": [
        0,
        0
      ],
      "originalSize": [
        30,
        15
      ],
      "capInsets": [
        10,
        4,
        10,
        4
      ]
    }
  },
  {
    "__type__": "cc.SpriteFrame",
    "content": {
      "name": "default_progressbar_bg",
      "texture": "99FwsL0hBG8bITfZ4/IwmK",
      "rect": [
        0,
        0,
        60,
        15
      ],
      "offset": [
        0,
        0
      ],
      "originalSize": [
        60,
        15
      ],
      "capInsets": [
        10,
        4,
        10,
        4
      ]
    }
  },
  [
    {
      "__type__": "cc.SceneAsset",
      "_name": "loading",
      "scene": {
        "__id__": 1
      },
      "asyncLoadAssets": null
    },
    {
      "__type__": "cc.Scene",
      "_name": "New Node",
      "_children": [
        {
          "__id__": 2
        }
      ],
      "_anchorPoint": {
        "__type__": "cc.Vec2"
      },
      "_scale": {
        "__type__": "cc.Vec3",
        "x": 1,
        "y": 1,
        "z": 1
      },
      "autoReleaseAssets": false
    },
    {
      "__type__": "cc.Node",
      "_name": "Canvas",
      "_parent": {
        "__id__": 1
      },
      "_children": [
        {
          "__id__": 3
        },
        {
          "__id__": 4
        },
        {
          "__id__": 5
        },
        {
          "__id__": 7
        },
        {
          "__id__": 11
        },
        {
          "__id__": 13
        },
        {
          "__id__": 17
        }
      ],
      "_components": [
        {
          "__type__": "cc.Canvas",
          "node": {
            "__id__": 2
          },
          "_fitWidth": true
        },
        {
          "__type__": "995922oqZFBwoTTggIkuelM",
          "node": {
            "__id__": 2
          },
          "byteLabel": {
            "__id__": 6
          },
          "fileLabel": {
            "__id__": 12
          },
          "byteProgress": {
            "__id__": 10
          },
          "fileProgress": {
            "__id__": 16
          },
          "label": {
            "__id__": 18
          },
          "manifestUrl": {
            "__uuid__": "34x/FBy8JCE46oHXqXhthE"
          }
        }
      ],
      "_contentSize": {
        "__type__": "cc.Size",
        "width": 960,
        "height": 640
      },
      "_position": {
        "__type__": "cc.Vec3",
        "x": 480,
        "y": 320
      },
      "_scale": {
        "__type__": "cc.Vec3",
        "x": 1,
        "y": 1,
        "z": 1
      },
      "_id": "73glMBSB5KTo4CrSshZqFP"
    },
    {
      "__type__": "cc.Node",
      "_name": "Main Camera",
      "_parent": {
        "__id__": 2
      },
      "_level": 1,
      "_components": [
        {
          "__type__": "cc.Camera",
          "node": {
            "__id__": 3
          },
          "_clearFlags": 7,
          "_depth": -1
        }
      ],
      "_scale": {
        "__type__": "cc.Vec3",
        "x": 1,
        "y": 1,
        "z": 1
      }
    },
    {
      "__type__": "cc.Node",
      "_name": "loading",
      "_parent": {
        "__id__": 2
      },
      "_level": 1,
      "_components": [
        {
          "__type__": "cc.Sprite",
          "node": {
            "__id__": 4
          },
          "_spriteFrame": {
            "__uuid__": "ec9OYOMqxMVKwNMqn29MLU"
          },
          "_sizeMode": 0
        }
      ],
      "_contentSize": {
        "__type__": "cc.Size",
        "width": 960,
        "height": 640
      },
      "_anchorPoint": {
        "__type__": "cc.Vec2",
        "x": 0.49895833333333334,
        "y": 0.5015625
      },
      "_scale": {
        "__type__": "cc.Vec3",
        "x": 1,
        "y": 1,
        "z": 1
      }
    },
    {
      "__type__": "cc.Node",
      "_name": "label",
      "_parent": {
        "__id__": 2
      },
      "_level": 1,
      "_components": [
        {
          "__id__": 6
        }
      ],
      "_contentSize": {
        "__type__": "cc.Size",
        "width": 11.11,
        "height": 50.4
      },
      "_position": {
        "__type__": "cc.Vec3",
        "y": -210
      },
      "_scale": {
        "__type__": "cc.Vec3",
        "x": 1,
        "y": 1,
        "z": 1
      }
    },
    {
      "__type__": "cc.Label",
      "node": {
        "__id__": 5
      },
      "_useOriginalSize": false,
      "_string": "/",
      "_N$string": "/",
      "_N$horizontalAlign": 1,
      "_N$verticalAlign": 1
    },
    {
      "__type__": "cc.Node",
      "_name": "progressBar",
      "_parent": {
        "__id__": 2
      },
      "_children": [
        {
          "__id__": 8
        }
      ],
      "_level": 1,
      "_components": [
        {
          "__type__": "cc.Sprite",
          "node": {
            "__id__": 7
          },
          "_spriteFrame": {
            "__uuid__": "8855/VlrRKd6H0MSRnFxAU"
          },
          "_type": 1,
          "_sizeMode": 0
        },
        {
          "__id__": 10
        }
      ],
      "_contentSize": {
        "__type__": "cc.Size",
        "width": 640,
        "height": 24
      },
      "_position": {
        "__type__": "cc.Vec3",
        "y": -180
      },
      "_scale": {
        "__type__": "cc.Vec3",
        "x": 1,
        "y": 1,
        "z": 1
      }
    },
    {
      "__type__": "cc.Node",
      "_name": "bar",
      "_parent": {
        "__id__": 7
      },
      "_components": [
        {
          "__id__": 9
        }
      ],
      "_contentSize": {
        "__type__": "cc.Size",
        "width": 150,
        "height": 15
      },
      "_anchorPoint": {
        "__type__": "cc.Vec2",
        "y": 0.5
      },
      "_position": {
        "__type__": "cc.Vec3",
        "x": -320
      },
      "_scale": {
        "__type__": "cc.Vec3",
        "x": 1,
        "y": 1,
        "z": 1
      }
    },
    {
      "__type__": "cc.Sprite",
      "node": {
        "__id__": 8
      },
      "_spriteFrame": {
        "__uuid__": "675ovJ2tVK2aLYfgPUWOMv"
      },
      "_type": 1,
      "_sizeMode": 0
    },
    {
      "__type__": "cc.ProgressBar",
      "node": {
        "__id__": 7
      },
      "_N$totalLength": 300,
      "_N$barSprite": {
        "__id__": 9
      },
      "_N$progress": 0.5
    },
    {
      "__type__": "cc.Node",
      "_name": "label",
      "_parent": {
        "__id__": 2
      },
      "_level": 1,
      "_components": [
        {
          "__id__": 12
        }
      ],
      "_contentSize": {
        "__type__": "cc.Size",
        "width": 11.11,
        "height": 50.4
      },
      "_position": {
        "__type__": "cc.Vec3",
        "y": -300
      },
      "_scale": {
        "__type__": "cc.Vec3",
        "x": 1,
        "y": 1,
        "z": 1
      }
    },
    {
      "__type__": "cc.Label",
      "node": {
        "__id__": 11
      },
      "_useOriginalSize": false,
      "_string": "/",
      "_N$string": "/",
      "_N$horizontalAlign": 1,
      "_N$verticalAlign": 1
    },
    {
      "__type__": "cc.Node",
      "_name": "progressBar",
      "_parent": {
        "__id__": 2
      },
      "_children": [
        {
          "__id__": 14
        }
      ],
      "_level": 1,
      "_components": [
        {
          "__type__": "cc.Sprite",
          "node": {
            "__id__": 13
          },
          "_spriteFrame": {
            "__uuid__": "8855/VlrRKd6H0MSRnFxAU"
          },
          "_type": 1,
          "_sizeMode": 0
        },
        {
          "__id__": 16
        }
      ],
      "_contentSize": {
        "__type__": "cc.Size",
        "width": 640,
        "height": 24
      },
      "_position": {
        "__type__": "cc.Vec3",
        "y": -270
      },
      "_scale": {
        "__type__": "cc.Vec3",
        "x": 1,
        "y": 1,
        "z": 1
      }
    },
    {
      "__type__": "cc.Node",
      "_name": "bar",
      "_parent": {
        "__id__": 13
      },
      "_components": [
        {
          "__id__": 15
        }
      ],
      "_contentSize": {
        "__type__": "cc.Size",
        "width": 150,
        "height": 15
      },
      "_anchorPoint": {
        "__type__": "cc.Vec2",
        "y": 0.5
      },
      "_position": {
        "__type__": "cc.Vec3",
        "x": -320
      },
      "_scale": {
        "__type__": "cc.Vec3",
        "x": 1,
        "y": 1,
        "z": 1
      }
    },
    {
      "__type__": "cc.Sprite",
      "node": {
        "__id__": 14
      },
      "_spriteFrame": {
        "__uuid__": "675ovJ2tVK2aLYfgPUWOMv"
      },
      "_type": 1,
      "_sizeMode": 0
    },
    {
      "__type__": "cc.ProgressBar",
      "node": {
        "__id__": 13
      },
      "_N$totalLength": 300,
      "_N$barSprite": {
        "__id__": 15
      },
      "_N$progress": 0.5
    },
    {
      "__type__": "cc.Node",
      "_name": "label",
      "_parent": {
        "__id__": 2
      },
      "_level": 1,
      "_components": [
        {
          "__id__": 18
        }
      ],
      "_contentSize": {
        "__type__": "cc.Size",
        "height": 50.4
      },
      "_position": {
        "__type__": "cc.Vec3",
        "y": -100
      },
      "_scale": {
        "__type__": "cc.Vec3",
        "x": 1,
        "y": 1,
        "z": 1
      }
    },
    {
      "__type__": "cc.Label",
      "node": {
        "__id__": 17
      },
      "_useOriginalSize": false,
      "_fontSize": 16,
      "_N$horizontalAlign": 1,
      "_N$verticalAlign": 1
    }
  ],
  {
    "__type__": "cc.SpriteFrame",
    "content": {
      "name": "loading",
      "texture": "cbdkv4XfZBXJegDkY4dQqq",
      "rect": [
        0,
        0,
        260,
        156
      ],
      "offset": [
        0,
        0
      ],
      "originalSize": [
        260,
        156
      ],
      "capInsets": [
        0,
        0,
        0,
        0
      ]
    }
  }
]