[
  {
    "__type__": "cc.SpriteFrame",
    "content": {
      "name": "default_btn_disabled",
      "texture": "71VhFCTINJM6/Ky3oX9nBT",
      "rect": [
        0,
        0,
        40,
        40
      ],
      "offset": [
        0,
        0
      ],
      "originalSize": [
        40,
        40
      ],
      "capInsets": [
        12,
        12,
        12,
        12
      ]
    }
  },
  {
    "__type__": "cc.SpriteFrame",
    "content": {
      "name": "default_panel",
      "texture": "d8HsitJHxOYqo801xBk8ev",
      "rect": [
        0,
        0,
        20,
        20
      ],
      "offset": [
        0,
        0
      ],
      "originalSize": [
        20,
        20
      ],
      "capInsets": [
        6,
        6,
        6,
        6
      ]
    }
  },
  [
    {
      "__type__": "cc.SceneAsset",
      "_name": "exampleExplain",
      "scene": {
        "__id__": 1
      },
      "asyncLoadAssets": null
    },
    {
      "__type__": "cc.Scene",
      "_name": "New Node",
      "_children": [
        {
          "__id__": 2
        },
        {
          "__id__": 11
        }
      ],
      "_anchorPoint": {
        "__type__": "cc.Vec2"
      },
      "_scale": {
        "__type__": "cc.Vec3",
        "x": 0.8939697265625,
        "y": 0.8939697265625,
        "z": 1
      },
      "autoReleaseAssets": false
    },
    {
      "__type__": "cc.Node",
      "_name": "Canvas",
      "_parent": {
        "__id__": 1
      },
      "_children": [
        {
          "__id__": 3
        }
      ],
      "_components": [
        {
          "__type__": "cc.Canvas",
          "node": {
            "__id__": 2
          },
          "_fitWidth": true
        },
        {
          "__type__": "a48d5Ac3k9Oh71kQ5LAbiN1",
          "node": {
            "__id__": 2
          },
          "web": {
            "__id__": 6
          },
          "back": {
            "__id__": 9
          }
        }
      ],
      "_contentSize": {
        "__type__": "cc.Size",
        "width": 960,
        "height": 640
      },
      "_position": {
        "__type__": "cc.Vec3",
        "x": 480,
        "y": 320
      },
      "_scale": {
        "__type__": "cc.Vec3",
        "x": 1,
        "y": 1,
        "z": 1
      },
      "_id": "8dH14mkoVLC7K1XhIbVBwY"
    },
    {
      "__type__": "cc.Node",
      "_name": "Main Camera",
      "_parent": {
        "__id__": 2
      },
      "_children": [
        {
          "__id__": 4
        },
        {
          "__id__": 5
        },
        {
          "__id__": 7
        },
        {
          "__id__": 10
        }
      ],
      "_level": 1,
      "_components": [
        {
          "__type__": "cc.Camera",
          "node": {
            "__id__": 3
          },
          "_clearFlags": 7,
          "_depth": -1
        }
      ],
      "_scale": {
        "__type__": "cc.Vec3",
        "x": 1,
        "y": 1,
        "z": 1
      }
    },
    {
      "__type__": "cc.Node",
      "_name": "New Layout",
      "_parent": {
        "__id__": 3
      },
      "_level": 2,
      "_components": [
        {
          "__type__": "cc.Sprite",
          "node": {
            "__id__": 4
          },
          "_spriteFrame": {
            "__uuid__": "9bvaMerUlDyary99mJa6xp"
          },
          "_type": 1,
          "_sizeMode": 0
        },
        {
          "__type__": "cc.Layout",
          "node": {
            "__id__": 4
          },
          "_layoutSize": {
            "__type__": "cc.Size",
            "width": 960,
            "height": 640
          }
        }
      ],
      "_color": {
        "__type__": "cc.Color",
        "r": 57,
        "g": 61,
        "b": 64
      },
      "_contentSize": {
        "__type__": "cc.Size",
        "width": 960,
        "height": 640
      },
      "_scale": {
        "__type__": "cc.Vec3",
        "x": 1,
        "y": 1,
        "z": 1
      }
    },
    {
      "__type__": "cc.Node",
      "_name": "webView",
      "_parent": {
        "__id__": 3
      },
      "_level": 2,
      "_components": [
        {
          "__id__": 6
        }
      ],
      "_contentSize": {
        "__type__": "cc.Size",
        "width": 960,
        "height": 580
      },
      "_position": {
        "__type__": "cc.Vec3",
        "y": -30
      },
      "_scale": {
        "__type__": "cc.Vec3",
        "x": 1,
        "y": 1,
        "z": 1
      }
    },
    {
      "__type__": "cc.WebView",
      "node": {
        "__id__": 5
      },
      "_useOriginalSize": false,
      "_url": "https://doc.matchvs.com/QuickStart/QuickStart-CocosCreator"
    },
    {
      "__type__": "cc.Node",
      "_name": "back",
      "_parent": {
        "__id__": 3
      },
      "_children": [
        {
          "__id__": 8
        }
      ],
      "_level": 2,
      "_components": [
        {
          "__type__": "cc.Sprite",
          "node": {
            "__id__": 7
          },
          "_spriteFrame": {
            "__uuid__": "f0BIwQ8D5Ml7nTNQbh1YlS"
          },
          "_type": 1,
          "_sizeMode": 0
        },
        {
          "__id__": 9
        }
      ],
      "_color": {
        "__type__": "cc.Color",
        "r": 92,
        "g": 108,
        "b": 124
      },
      "_contentSize": {
        "__type__": "cc.Size",
        "width": 200,
        "height": 40
      },
      "_position": {
        "__type__": "cc.Vec3",
        "x": -375,
        "y": 295
      },
      "_scale": {
        "__type__": "cc.Vec3",
        "x": 1,
        "y": 1,
        "z": 1
      }
    },
    {
      "__type__": "cc.Node",
      "_name": "Label",
      "_parent": {
        "__id__": 7
      },
      "_components": [
        {
          "__type__": "cc.Label",
          "node": {
            "__id__": 8
          },
          "_useOriginalSize": false,
          "_string": "返回首页",
          "_N$string": "返回首页",
          "_fontSize": 20,
          "_enableWrapText": false,
          "_N$horizontalAlign": 1,
          "_N$verticalAlign": 1,
          "_N$overflow": 1
        }
      ],
      "_contentSize": {
        "__type__": "cc.Size",
        "width": 200,
        "height": 40
      },
      "_scale": {
        "__type__": "cc.Vec3",
        "x": 1,
        "y": 1,
        "z": 1
      }
    },
    {
      "__type__": "cc.Button",
      "node": {
        "__id__": 7
      },
      "_N$transition": 2,
      "transition": 2,
      "_N$normalColor": {
        "__type__": "cc.Color",
        "r": 255,
        "g": 255,
        "b": 255
      },
      "_N$pressedColor": {
        "__type__": "cc.Color",
        "r": 255,
        "g": 255,
        "b": 255
      },
      "pressedColor": {
        "__type__": "cc.Color",
        "r": 255,
        "g": 255,
        "b": 255
      },
      "_N$disabledColor": {
        "__type__": "cc.Color",
        "r": 255,
        "g": 255,
        "b": 255
      },
      "_N$normalSprite": {
        "__uuid__": "f0BIwQ8D5Ml7nTNQbh1YlS"
      },
      "_N$pressedSprite": {
        "__uuid__": "e97GVMl6JHh5Ml5qEDdSGa"
      },
      "pressedSprite": {
        "__uuid__": "e97GVMl6JHh5Ml5qEDdSGa"
      },
      "_N$hoverSprite": {
        "__uuid__": "f0BIwQ8D5Ml7nTNQbh1YlS"
      },
      "hoverSprite": {
        "__uuid__": "f0BIwQ8D5Ml7nTNQbh1YlS"
      },
      "_N$disabledSprite": {
        "__uuid__": "29FYIk+N1GYaeWH/q1NxQO"
      },
      "_N$target": {
        "__id__": 7
      }
    },
    {
      "__type__": "cc.Node",
      "_name": "New Label",
      "_parent": {
        "__id__": 3
      },
      "_level": 2,
      "_components": [
        {
          "__type__": "cc.Label",
          "node": {
            "__id__": 10
          },
          "_useOriginalSize": false,
          "_string": "https://doc.matchvs.com/QuickStart/QuickStart-CocosCreator",
          "_N$string": "https://doc.matchvs.com/QuickStart/QuickStart-CocosCreator",
          "_fontSize": 20,
          "_lineHeight": 20,
          "_N$horizontalAlign": 1,
          "_N$verticalAlign": 1
        }
      ],
      "_contentSize": {
        "__type__": "cc.Size",
        "width": 543.51,
        "height": 20
      },
      "_position": {
        "__type__": "cc.Vec3",
        "x": 15,
        "y": 295
      },
      "_scale": {
        "__type__": "cc.Vec3",
        "x": 1,
        "y": 1,
        "z": 1
      }
    },
    {
      "__type__": "cc.Node",
      "_name": "editbox",
      "_parent": {
        "__id__": 1
      },
      "_children": [
        {
          "__id__": 12
        },
        {
          "__id__": 13
        },
        {
          "__id__": 14
        }
      ],
      "_level": 1,
      "_components": [
        {
          "__type__": "cc.EditBox",
          "node": {
            "__id__": 11
          },
          "_useOriginalSize": false,
          "_N$backgroundImage": {
            "__uuid__": "ffDpHHVcZAhqOfy25Fe4w7"
          },
          "_N$returnType": 0,
          "_N$fontSize": 20,
          "_N$lineHeight": 40,
          "_N$fontColor": {
            "__type__": "cc.Color",
            "r": 255,
            "g": 255,
            "b": 255
          },
          "_N$placeholder": "Enter text here...",
          "_N$placeholderFontSize": 20,
          "_N$placeholderFontColor": {
            "__type__": "cc.Color",
            "r": 187,
            "g": 187,
            "b": 187
          },
          "_N$maxLength": 8,
          "_N$inputMode": 6
        }
      ],
      "_contentSize": {
        "__type__": "cc.Size",
        "width": 160,
        "height": 40
      },
      "_position": {
        "__type__": "cc.Vec3",
        "x": 332,
        "y": 224
      },
      "_scale": {
        "__type__": "cc.Vec3",
        "x": 1,
        "y": 1,
        "z": 1
      },
      "_id": "68mXJf6hhEf7lCF0YGwmwz"
    },
    {
      "__type__": "cc.Node",
      "_name": "BACKGROUND_SPRITE",
      "_parent": {
        "__id__": 11
      },
      "_level": 2,
      "_components": [
        {
          "__type__": "cc.Sprite",
          "node": {
            "__id__": 12
          },
          "_spriteFrame": {
            "__uuid__": "ffDpHHVcZAhqOfy25Fe4w7"
          },
          "_type": 1,
          "_sizeMode": 0
        }
      ],
      "_contentSize": {
        "__type__": "cc.Size",
        "width": 160,
        "height": 40
      },
      "_scale": {
        "__type__": "cc.Vec3",
        "x": 1,
        "y": 1,
        "z": 1
      }
    },
    {
      "__type__": "cc.Node",
      "_name": "TEXT_LABEL",
      "_parent": {
        "__id__": 11
      },
      "_level": 2,
      "_components": [
        {
          "__type__": "cc.Label",
          "node": {
            "__id__": 13
          },
          "_string": "11111111111",
          "_N$string": "11111111111",
          "_fontSize": 20,
          "_enableWrapText": false,
          "_N$verticalAlign": 1,
          "_N$overflow": 1
        }
      ],
      "_color": {
        "__type__": "cc.Color"
      },
      "_contentSize": {
        "__type__": "cc.Size",
        "width": 158,
        "height": 40
      },
      "_anchorPoint": {
        "__type__": "cc.Vec2",
        "y": 1
      },
      "_position": {
        "__type__": "cc.Vec3",
        "x": -78,
        "y": 20
      },
      "_scale": {
        "__type__": "cc.Vec3",
        "x": 1,
        "y": 1,
        "z": 1
      }
    },
    {
      "__type__": "cc.Node",
      "_name": "PLACEHOLDER_LABEL",
      "_parent": {
        "__id__": 11
      },
      "_active": false,
      "_level": 2,
      "_components": [
        {
          "__type__": "cc.Label",
          "node": {
            "__id__": 14
          },
          "_string": "1111111111111",
          "_N$string": "1111111111111",
          "_fontSize": 20,
          "_enableWrapText": false,
          "_N$verticalAlign": 1,
          "_N$overflow": 1
        }
      ],
      "_color": {
        "__type__": "cc.Color",
        "r": 25,
        "g": 9,
        "b": 9
      },
      "_contentSize": {
        "__type__": "cc.Size",
        "width": 158,
        "height": 40
      },
      "_anchorPoint": {
        "__type__": "cc.Vec2",
        "y": 1
      },
      "_position": {
        "__type__": "cc.Vec3",
        "x": -78,
        "y": 20
      },
      "_scale": {
        "__type__": "cc.Vec3",
        "x": 1,
        "y": 1,
        "z": 1
      }
    }
  ],
  {
    "__type__": "cc.SpriteFrame",
    "content": {
      "name": "default_btn_pressed",
      "texture": "b4P/PCArtIdIH38t6mlw8Y",
      "rect": [
        0,
        0,
        40,
        40
      ],
      "offset": [
        0,
        0
      ],
      "originalSize": [
        40,
        40
      ],
      "capInsets": [
        12,
        12,
        12,
        12
      ]
    }
  },
  {
    "__type__": "cc.SpriteFrame",
    "content": {
      "name": "default_btn_normal",
      "texture": "e8Ueib+qJEhL6mXAHdnwbi",
      "rect": [
        0,
        0,
        40,
        40
      ],
      "offset": [
        0,
        0
      ],
      "originalSize": [
        40,
        40
      ],
      "capInsets": [
        12,
        12,
        12,
        12
      ]
    }
  },
  {
    "__type__": "cc.SpriteFrame",
    "content": {
      "name": "default_editbox_bg",
      "texture": "ed0hW5J5ZKBar1gflskoHO",
      "rect": [
        0,
        0,
        40,
        40
      ],
      "offset": [
        0,
        0
      ],
      "originalSize": [
        40,
        40
      ],
      "capInsets": [
        12,
        12,
        12,
        12
      ]
    }
  }
]