[
  {
    "__type__": "cc.SpriteFrame",
    "content": {
      "name": "default_btn_disabled",
      "texture": "71VhFCTINJM6/Ky3oX9nBT",
      "rect": [
        0,
        0,
        40,
        40
      ],
      "offset": [
        0,
        0
      ],
      "originalSize": [
        40,
        40
      ],
      "capInsets": [
        12,
        12,
        12,
        12
      ]
    }
  },
  {
    "__type__": "cc.SpriteFrame",
    "content": {
      "name": "default_scrollbar_vertical",
      "texture": "d608qFRoFHwbXd0Dap056i",
      "rect": [
        0,
        0,
        15,
        30
      ],
      "offset": [
        0,
        0
      ],
      "originalSize": [
        15,
        30
      ],
      "capInsets": [
        4,
        10,
        4,
        10
      ]
    }
  },
  {
    "__type__": "cc.SpriteFrame",
    "content": {
      "name": "default_scrollbar_vertical_bg",
      "texture": "61cyPdEfRN047sDK9rO0W5",
      "rect": [
        0,
        0,
        15,
        30
      ],
      "offset": [
        0,
        0
      ],
      "originalSize": [
        15,
        30
      ],
      "capInsets": [
        4,
        10,
        4,
        10
      ]
    }
  },
  [
    {
      "__type__": "cc.SceneAsset",
      "_name": "pass",
      "scene": {
        "__id__": 1
      },
      "asyncLoadAssets": null
    },
    {
      "__type__": "cc.Scene",
      "_name": "New Node",
      "_children": [
        {
          "__id__": 2
        },
        {
          "__id__": 92
        }
      ],
      "_anchorPoint": {
        "__type__": "cc.Vec2"
      },
      "_scale": {
        "__type__": "cc.Vec3",
        "x": 1.1705104411095304,
        "y": 1.1705104411095304,
        "z": 1
      },
      "autoReleaseAssets": false
    },
    {
      "__type__": "cc.Node",
      "_name": "Canvas",
      "_parent": {
        "__id__": 1
      },
      "_children": [
        {
          "__id__": 3
        },
        {
          "__id__": 4
        },
        {
          "__id__": 6
        },
        {
          "__id__": 7
        },
        {
          "__id__": 10
        },
        {
          "__id__": 13
        },
        {
          "__id__": 16
        },
        {
          "__id__": 19
        },
        {
          "__id__": 22
        },
        {
          "__id__": 25
        },
        {
          "__id__": 28
        },
        {
          "__id__": 31
        },
        {
          "__id__": 34
        },
        {
          "__id__": 42
        },
        {
          "__id__": 45
        },
        {
          "__id__": 48
        },
        {
          "__id__": 51
        },
        {
          "__id__": 54
        },
        {
          "__id__": 61
        },
        {
          "__id__": 68
        },
        {
          "__id__": 70
        }
      ],
      "_components": [
        {
          "__type__": "cc.Canvas",
          "node": {
            "__id__": 2
          }
        },
        {
          "__type__": "d9a62MtAWtPi6C2uFPLL69E",
          "node": {
            "__id__": 2
          },
          "initButton": {
            "__id__": 9
          },
          "registerButton": {
            "__id__": 12
          },
          "loginButton": {
            "__id__": 15
          },
          "joinRandomRoomButton": {
            "__id__": 18
          },
          "joinOverButton": {
            "__id__": 21
          },
          "sendEventButton": {
            "__id__": 24
          },
          "leaveRoomButton": {
            "__id__": 27
          },
          "logoutButton": {
            "__id__": 30
          },
          "unInitButton": {
            "__id__": 33
          },
          "clearLogButton": {
            "__id__": 44
          },
          "backHomeButton": {
            "__id__": 47
          },
          "textTitle": {
            "__id__": 69
          },
          "btnClear": {
            "__id__": 53
          },
          "btnSAAS": {
            "__id__": 50
          },
          "ebGameID": {
            "__id__": 67
          },
          "ebAppKey": {
            "__id__": 60
          },
          "ebEndPoint": {
            "__id__": 77
          },
          "ebUserID": {
            "__id__": 91
          },
          "ebToken": {
            "__id__": 84
          },
          "textToturail": {
            "__id__": 92
          },
          "passGroup": {
            "__id__": 70
          },
          "logListView": {
            "__id__": 39
          },
          "itemTemplate": {
            "__id__": 4
          }
        }
      ],
      "_contentSize": {
        "__type__": "cc.Size",
        "width": 960,
        "height": 640
      },
      "_position": {
        "__type__": "cc.Vec3",
        "x": 480,
        "y": 320
      },
      "_scale": {
        "__type__": "cc.Vec3",
        "x": 1,
        "y": 1,
        "z": 1
      },
      "_id": "53WZkBiM1LZoK1UFaPXnc4"
    },
    {
      "__type__": "cc.Node",
      "_name": "Main Camera",
      "_parent": {
        "__id__": 2
      },
      "_components": [
        {
          "__type__": "cc.Camera",
          "node": {
            "__id__": 3
          }
        }
      ],
      "_scale": {
        "__type__": "cc.Vec3",
        "x": 1,
        "y": 1,
        "z": 1
      }
    },
    {
      "__type__": "cc.Node",
      "_name": "log",
      "_parent": {
        "__id__": 2
      },
      "_level": 1,
      "_components": [
        {
          "__id__": 5
        },
        {
          "__type__": "c9d09/xtr5PmqItVoRLaB+G",
          "node": {
            "__id__": 4
          },
          "logLable": {
            "__id__": 5
          }
        }
      ],
      "_color": {
        "__type__": "cc.Color"
      },
      "_contentSize": {
        "__type__": "cc.Size",
        "width": 690,
        "height": 25
      },
      "_position": {
        "__type__": "cc.Vec3",
        "x": 114,
        "y": -216
      },
      "_scale": {
        "__type__": "cc.Vec3",
        "x": 1,
        "y": 1,
        "z": 1
      }
    },
    {
      "__type__": "cc.Label",
      "node": {
        "__id__": 4
      },
      "_useOriginalSize": false,
      "_fontSize": 14,
      "_lineHeight": 25,
      "_N$verticalAlign": 1,
      "_N$overflow": 2
    },
    {
      "__type__": "cc.Node",
      "_name": "New Layout",
      "_parent": {
        "__id__": 2
      },
      "_components": [
        {
          "__type__": "cc.Sprite",
          "node": {
            "__id__": 6
          },
          "_spriteFrame": {
            "__uuid__": "9bvaMerUlDyary99mJa6xp"
          },
          "_type": 1,
          "_sizeMode": 0
        },
        {
          "__type__": "cc.Layout",
          "node": {
            "__id__": 6
          },
          "_layoutSize": {
            "__type__": "cc.Size",
            "width": 1920,
            "height": 1080
          }
        }
      ],
      "_color": {
        "__type__": "cc.Color",
        "r": 57,
        "g": 61,
        "b": 64
      },
      "_contentSize": {
        "__type__": "cc.Size",
        "width": 1920,
        "height": 1080
      },
      "_position": {
        "__type__": "cc.Vec3",
        "y": -1
      },
      "_scale": {
        "__type__": "cc.Vec3",
        "x": 1,
        "y": 1,
        "z": 1
      }
    },
    {
      "__type__": "cc.Node",
      "_name": "init",
      "_parent": {
        "__id__": 2
      },
      "_children": [
        {
          "__id__": 8
        }
      ],
      "_components": [
        {
          "__type__": "cc.Sprite",
          "node": {
            "__id__": 7
          },
          "_spriteFrame": {
            "__uuid__": "f0BIwQ8D5Ml7nTNQbh1YlS"
          },
          "_type": 1,
          "_sizeMode": 0
        },
        {
          "__id__": 9
        }
      ],
      "_color": {
        "__type__": "cc.Color",
        "r": 92,
        "g": 108,
        "b": 124
      },
      "_contentSize": {
        "__type__": "cc.Size",
        "width": 150,
        "height": 50
      },
      "_position": {
        "__type__": "cc.Vec3",
        "x": -380,
        "y": 240
      },
      "_scale": {
        "__type__": "cc.Vec3",
        "x": 1,
        "y": 1,
        "z": 1
      }
    },
    {
      "__type__": "cc.Node",
      "_name": "Label",
      "_parent": {
        "__id__": 7
      },
      "_components": [
        {
          "__type__": "cc.Label",
          "node": {
            "__id__": 8
          },
          "_useOriginalSize": false,
          "_string": "初始化",
          "_N$string": "初始化",
          "_fontSize": 20,
          "_enableWrapText": false,
          "_N$horizontalAlign": 1,
          "_N$verticalAlign": 1,
          "_N$overflow": 1
        }
      ],
      "_contentSize": {
        "__type__": "cc.Size",
        "width": 150,
        "height": 50
      },
      "_scale": {
        "__type__": "cc.Vec3",
        "x": 1,
        "y": 1,
        "z": 1
      }
    },
    {
      "__type__": "cc.Button",
      "node": {
        "__id__": 7
      },
      "_N$transition": 2,
      "transition": 2,
      "_N$normalColor": {
        "__type__": "cc.Color",
        "r": 255,
        "g": 255,
        "b": 255
      },
      "_N$pressedColor": {
        "__type__": "cc.Color",
        "r": 255,
        "g": 255,
        "b": 255
      },
      "pressedColor": {
        "__type__": "cc.Color",
        "r": 255,
        "g": 255,
        "b": 255
      },
      "_N$disabledColor": {
        "__type__": "cc.Color",
        "r": 255,
        "g": 255,
        "b": 255
      },
      "_N$normalSprite": {
        "__uuid__": "f0BIwQ8D5Ml7nTNQbh1YlS"
      },
      "_N$pressedSprite": {
        "__uuid__": "e97GVMl6JHh5Ml5qEDdSGa"
      },
      "pressedSprite": {
        "__uuid__": "e97GVMl6JHh5Ml5qEDdSGa"
      },
      "_N$hoverSprite": {
        "__uuid__": "f0BIwQ8D5Ml7nTNQbh1YlS"
      },
      "hoverSprite": {
        "__uuid__": "f0BIwQ8D5Ml7nTNQbh1YlS"
      },
      "_N$disabledSprite": {
        "__uuid__": "29FYIk+N1GYaeWH/q1NxQO"
      },
      "_N$target": {
        "__id__": 7
      }
    },
    {
      "__type__": "cc.Node",
      "_name": "register",
      "_parent": {
        "__id__": 2
      },
      "_children": [
        {
          "__id__": 11
        }
      ],
      "_components": [
        {
          "__type__": "cc.Sprite",
          "node": {
            "__id__": 10
          },
          "_spriteFrame": {
            "__uuid__": "f0BIwQ8D5Ml7nTNQbh1YlS"
          },
          "_type": 1,
          "_sizeMode": 0
        },
        {
          "__id__": 12
        }
      ],
      "_color": {
        "__type__": "cc.Color",
        "r": 92,
        "g": 108,
        "b": 124
      },
      "_contentSize": {
        "__type__": "cc.Size",
        "width": 150,
        "height": 50
      },
      "_position": {
        "__type__": "cc.Vec3",
        "x": -380,
        "y": 180
      },
      "_scale": {
        "__type__": "cc.Vec3",
        "x": 1,
        "y": 1,
        "z": 1
      }
    },
    {
      "__type__": "cc.Node",
      "_name": "Label",
      "_parent": {
        "__id__": 10
      },
      "_components": [
        {
          "__type__": "cc.Label",
          "node": {
            "__id__": 11
          },
          "_useOriginalSize": false,
          "_string": "注册",
          "_N$string": "注册",
          "_fontSize": 20,
          "_enableWrapText": false,
          "_N$horizontalAlign": 1,
          "_N$verticalAlign": 1,
          "_N$overflow": 1
        }
      ],
      "_contentSize": {
        "__type__": "cc.Size",
        "width": 150,
        "height": 50
      },
      "_scale": {
        "__type__": "cc.Vec3",
        "x": 1,
        "y": 1,
        "z": 1
      }
    },
    {
      "__type__": "cc.Button",
      "node": {
        "__id__": 10
      },
      "_N$transition": 2,
      "transition": 2,
      "_N$normalColor": {
        "__type__": "cc.Color",
        "r": 255,
        "g": 255,
        "b": 255
      },
      "_N$pressedColor": {
        "__type__": "cc.Color",
        "r": 255,
        "g": 255,
        "b": 255
      },
      "pressedColor": {
        "__type__": "cc.Color",
        "r": 255,
        "g": 255,
        "b": 255
      },
      "_N$disabledColor": {
        "__type__": "cc.Color",
        "r": 255,
        "g": 255,
        "b": 255
      },
      "_N$normalSprite": {
        "__uuid__": "f0BIwQ8D5Ml7nTNQbh1YlS"
      },
      "_N$pressedSprite": {
        "__uuid__": "e97GVMl6JHh5Ml5qEDdSGa"
      },
      "pressedSprite": {
        "__uuid__": "e97GVMl6JHh5Ml5qEDdSGa"
      },
      "_N$hoverSprite": {
        "__uuid__": "f0BIwQ8D5Ml7nTNQbh1YlS"
      },
      "hoverSprite": {
        "__uuid__": "f0BIwQ8D5Ml7nTNQbh1YlS"
      },
      "_N$disabledSprite": {
        "__uuid__": "29FYIk+N1GYaeWH/q1NxQO"
      },
      "_N$target": {
        "__id__": 10
      }
    },
    {
      "__type__": "cc.Node",
      "_name": "login",
      "_parent": {
        "__id__": 2
      },
      "_children": [
        {
          "__id__": 14
        }
      ],
      "_components": [
        {
          "__type__": "cc.Sprite",
          "node": {
            "__id__": 13
          },
          "_spriteFrame": {
            "__uuid__": "f0BIwQ8D5Ml7nTNQbh1YlS"
          },
          "_type": 1,
          "_sizeMode": 0
        },
        {
          "__id__": 15
        }
      ],
      "_color": {
        "__type__": "cc.Color",
        "r": 92,
        "g": 108,
        "b": 124
      },
      "_contentSize": {
        "__type__": "cc.Size",
        "width": 150,
        "height": 50
      },
      "_position": {
        "__type__": "cc.Vec3",
        "x": -380,
        "y": 120
      },
      "_scale": {
        "__type__": "cc.Vec3",
        "x": 1,
        "y": 1,
        "z": 1
      }
    },
    {
      "__type__": "cc.Node",
      "_name": "Label",
      "_parent": {
        "__id__": 13
      },
      "_components": [
        {
          "__type__": "cc.Label",
          "node": {
            "__id__": 14
          },
          "_useOriginalSize": false,
          "_string": "登录",
          "_N$string": "登录",
          "_fontSize": 20,
          "_enableWrapText": false,
          "_N$horizontalAlign": 1,
          "_N$verticalAlign": 1,
          "_N$overflow": 1
        }
      ],
      "_contentSize": {
        "__type__": "cc.Size",
        "width": 150,
        "height": 50
      },
      "_scale": {
        "__type__": "cc.Vec3",
        "x": 1,
        "y": 1,
        "z": 1
      }
    },
    {
      "__type__": "cc.Button",
      "node": {
        "__id__": 13
      },
      "_N$transition": 2,
      "transition": 2,
      "_N$normalColor": {
        "__type__": "cc.Color",
        "r": 255,
        "g": 255,
        "b": 255
      },
      "_N$pressedColor": {
        "__type__": "cc.Color",
        "r": 255,
        "g": 255,
        "b": 255
      },
      "pressedColor": {
        "__type__": "cc.Color",
        "r": 255,
        "g": 255,
        "b": 255
      },
      "_N$disabledColor": {
        "__type__": "cc.Color",
        "r": 255,
        "g": 255,
        "b": 255
      },
      "_N$normalSprite": {
        "__uuid__": "f0BIwQ8D5Ml7nTNQbh1YlS"
      },
      "_N$pressedSprite": {
        "__uuid__": "e97GVMl6JHh5Ml5qEDdSGa"
      },
      "pressedSprite": {
        "__uuid__": "e97GVMl6JHh5Ml5qEDdSGa"
      },
      "_N$hoverSprite": {
        "__uuid__": "f0BIwQ8D5Ml7nTNQbh1YlS"
      },
      "hoverSprite": {
        "__uuid__": "f0BIwQ8D5Ml7nTNQbh1YlS"
      },
      "_N$disabledSprite": {
        "__uuid__": "29FYIk+N1GYaeWH/q1NxQO"
      },
      "_N$target": {
        "__id__": 13
      }
    },
    {
      "__type__": "cc.Node",
      "_name": "joinRandomRoom",
      "_parent": {
        "__id__": 2
      },
      "_children": [
        {
          "__id__": 17
        }
      ],
      "_components": [
        {
          "__type__": "cc.Sprite",
          "node": {
            "__id__": 16
          },
          "_spriteFrame": {
            "__uuid__": "f0BIwQ8D5Ml7nTNQbh1YlS"
          },
          "_type": 1,
          "_sizeMode": 0
        },
        {
          "__id__": 18
        }
      ],
      "_color": {
        "__type__": "cc.Color",
        "r": 92,
        "g": 108,
        "b": 124
      },
      "_contentSize": {
        "__type__": "cc.Size",
        "width": 150,
        "height": 50
      },
      "_position": {
        "__type__": "cc.Vec3",
        "x": -380,
        "y": 60
      },
      "_scale": {
        "__type__": "cc.Vec3",
        "x": 1,
        "y": 1,
        "z": 1
      }
    },
    {
      "__type__": "cc.Node",
      "_name": "Label",
      "_parent": {
        "__id__": 16
      },
      "_components": [
        {
          "__type__": "cc.Label",
          "node": {
            "__id__": 17
          },
          "_useOriginalSize": false,
          "_string": "随机匹配",
          "_N$string": "随机匹配",
          "_fontSize": 20,
          "_enableWrapText": false,
          "_N$horizontalAlign": 1,
          "_N$verticalAlign": 1,
          "_N$overflow": 1
        }
      ],
      "_contentSize": {
        "__type__": "cc.Size",
        "width": 150,
        "height": 50
      },
      "_scale": {
        "__type__": "cc.Vec3",
        "x": 1,
        "y": 1,
        "z": 1
      }
    },
    {
      "__type__": "cc.Button",
      "node": {
        "__id__": 16
      },
      "_N$transition": 2,
      "transition": 2,
      "_N$normalColor": {
        "__type__": "cc.Color",
        "r": 255,
        "g": 255,
        "b": 255
      },
      "_N$pressedColor": {
        "__type__": "cc.Color",
        "r": 255,
        "g": 255,
        "b": 255
      },
      "pressedColor": {
        "__type__": "cc.Color",
        "r": 255,
        "g": 255,
        "b": 255
      },
      "_N$disabledColor": {
        "__type__": "cc.Color",
        "r": 255,
        "g": 255,
        "b": 255
      },
      "_N$normalSprite": {
        "__uuid__": "f0BIwQ8D5Ml7nTNQbh1YlS"
      },
      "_N$pressedSprite": {
        "__uuid__": "e97GVMl6JHh5Ml5qEDdSGa"
      },
      "pressedSprite": {
        "__uuid__": "e97GVMl6JHh5Ml5qEDdSGa"
      },
      "_N$hoverSprite": {
        "__uuid__": "f0BIwQ8D5Ml7nTNQbh1YlS"
      },
      "hoverSprite": {
        "__uuid__": "f0BIwQ8D5Ml7nTNQbh1YlS"
      },
      "_N$disabledSprite": {
        "__uuid__": "29FYIk+N1GYaeWH/q1NxQO"
      },
      "_N$target": {
        "__id__": 16
      }
    },
    {
      "__type__": "cc.Node",
      "_name": "joinOver",
      "_parent": {
        "__id__": 2
      },
      "_children": [
        {
          "__id__": 20
        }
      ],
      "_components": [
        {
          "__type__": "cc.Sprite",
          "node": {
            "__id__": 19
          },
          "_spriteFrame": {
            "__uuid__": "f0BIwQ8D5Ml7nTNQbh1YlS"
          },
          "_type": 1,
          "_sizeMode": 0
        },
        {
          "__id__": 21
        }
      ],
      "_color": {
        "__type__": "cc.Color",
        "r": 92,
        "g": 108,
        "b": 124
      },
      "_contentSize": {
        "__type__": "cc.Size",
        "width": 150,
        "height": 50
      },
      "_position": {
        "__type__": "cc.Vec3",
        "x": -380
      },
      "_scale": {
        "__type__": "cc.Vec3",
        "x": 1,
        "y": 1,
        "z": 1
      }
    },
    {
      "__type__": "cc.Node",
      "_name": "Label",
      "_parent": {
        "__id__": 19
      },
      "_components": [
        {
          "__type__": "cc.Label",
          "node": {
            "__id__": 20
          },
          "_useOriginalSize": false,
          "_string": "停止匹配",
          "_N$string": "停止匹配",
          "_fontSize": 20,
          "_enableWrapText": false,
          "_N$horizontalAlign": 1,
          "_N$verticalAlign": 1,
          "_N$overflow": 1
        }
      ],
      "_contentSize": {
        "__type__": "cc.Size",
        "width": 150,
        "height": 50
      },
      "_scale": {
        "__type__": "cc.Vec3",
        "x": 1,
        "y": 1,
        "z": 1
      }
    },
    {
      "__type__": "cc.Button",
      "node": {
        "__id__": 19
      },
      "_N$transition": 2,
      "transition": 2,
      "_N$normalColor": {
        "__type__": "cc.Color",
        "r": 255,
        "g": 255,
        "b": 255
      },
      "_N$pressedColor": {
        "__type__": "cc.Color",
        "r": 255,
        "g": 255,
        "b": 255
      },
      "pressedColor": {
        "__type__": "cc.Color",
        "r": 255,
        "g": 255,
        "b": 255
      },
      "_N$disabledColor": {
        "__type__": "cc.Color",
        "r": 255,
        "g": 255,
        "b": 255
      },
      "_N$normalSprite": {
        "__uuid__": "f0BIwQ8D5Ml7nTNQbh1YlS"
      },
      "_N$pressedSprite": {
        "__uuid__": "e97GVMl6JHh5Ml5qEDdSGa"
      },
      "pressedSprite": {
        "__uuid__": "e97GVMl6JHh5Ml5qEDdSGa"
      },
      "_N$hoverSprite": {
        "__uuid__": "f0BIwQ8D5Ml7nTNQbh1YlS"
      },
      "hoverSprite": {
        "__uuid__": "f0BIwQ8D5Ml7nTNQbh1YlS"
      },
      "_N$disabledSprite": {
        "__uuid__": "29FYIk+N1GYaeWH/q1NxQO"
      },
      "_N$target": {
        "__id__": 19
      }
    },
    {
      "__type__": "cc.Node",
      "_name": "sendEvent",
      "_parent": {
        "__id__": 2
      },
      "_children": [
        {
          "__id__": 23
        }
      ],
      "_components": [
        {
          "__type__": "cc.Sprite",
          "node": {
            "__id__": 22
          },
          "_spriteFrame": {
            "__uuid__": "f0BIwQ8D5Ml7nTNQbh1YlS"
          },
          "_type": 1,
          "_sizeMode": 0
        },
        {
          "__id__": 24
        }
      ],
      "_color": {
        "__type__": "cc.Color",
        "r": 92,
        "g": 108,
        "b": 124
      },
      "_contentSize": {
        "__type__": "cc.Size",
        "width": 150,
        "height": 50
      },
      "_position": {
        "__type__": "cc.Vec3",
        "x": -380,
        "y": -60
      },
      "_scale": {
        "__type__": "cc.Vec3",
        "x": 1,
        "y": 1,
        "z": 1
      }
    },
    {
      "__type__": "cc.Node",
      "_name": "Label",
      "_parent": {
        "__id__": 22
      },
      "_components": [
        {
          "__type__": "cc.Label",
          "node": {
            "__id__": 23
          },
          "_useOriginalSize": false,
          "_string": "发送消息",
          "_N$string": "发送消息",
          "_fontSize": 20,
          "_enableWrapText": false,
          "_N$horizontalAlign": 1,
          "_N$verticalAlign": 1,
          "_N$overflow": 1
        }
      ],
      "_contentSize": {
        "__type__": "cc.Size",
        "width": 150,
        "height": 50
      },
      "_scale": {
        "__type__": "cc.Vec3",
        "x": 1,
        "y": 1,
        "z": 1
      }
    },
    {
      "__type__": "cc.Button",
      "node": {
        "__id__": 22
      },
      "_N$transition": 2,
      "transition": 2,
      "_N$normalColor": {
        "__type__": "cc.Color",
        "r": 255,
        "g": 255,
        "b": 255
      },
      "_N$pressedColor": {
        "__type__": "cc.Color",
        "r": 255,
        "g": 255,
        "b": 255
      },
      "pressedColor": {
        "__type__": "cc.Color",
        "r": 255,
        "g": 255,
        "b": 255
      },
      "_N$disabledColor": {
        "__type__": "cc.Color",
        "r": 255,
        "g": 255,
        "b": 255
      },
      "_N$normalSprite": {
        "__uuid__": "f0BIwQ8D5Ml7nTNQbh1YlS"
      },
      "_N$pressedSprite": {
        "__uuid__": "e97GVMl6JHh5Ml5qEDdSGa"
      },
      "pressedSprite": {
        "__uuid__": "e97GVMl6JHh5Ml5qEDdSGa"
      },
      "_N$hoverSprite": {
        "__uuid__": "f0BIwQ8D5Ml7nTNQbh1YlS"
      },
      "hoverSprite": {
        "__uuid__": "f0BIwQ8D5Ml7nTNQbh1YlS"
      },
      "_N$disabledSprite": {
        "__uuid__": "29FYIk+N1GYaeWH/q1NxQO"
      },
      "_N$target": {
        "__id__": 22
      }
    },
    {
      "__type__": "cc.Node",
      "_name": "leaveRoom",
      "_parent": {
        "__id__": 2
      },
      "_children": [
        {
          "__id__": 26
        }
      ],
      "_components": [
        {
          "__type__": "cc.Sprite",
          "node": {
            "__id__": 25
          },
          "_spriteFrame": {
            "__uuid__": "f0BIwQ8D5Ml7nTNQbh1YlS"
          },
          "_type": 1,
          "_sizeMode": 0
        },
        {
          "__id__": 27
        }
      ],
      "_color": {
        "__type__": "cc.Color",
        "r": 92,
        "g": 108,
        "b": 124
      },
      "_contentSize": {
        "__type__": "cc.Size",
        "width": 150,
        "height": 50
      },
      "_position": {
        "__type__": "cc.Vec3",
        "x": -380,
        "y": -120
      },
      "_scale": {
        "__type__": "cc.Vec3",
        "x": 1,
        "y": 1,
        "z": 1
      }
    },
    {
      "__type__": "cc.Node",
      "_name": "Label",
      "_parent": {
        "__id__": 25
      },
      "_components": [
        {
          "__type__": "cc.Label",
          "node": {
            "__id__": 26
          },
          "_useOriginalSize": false,
          "_string": "离开房间",
          "_N$string": "离开房间",
          "_fontSize": 20,
          "_enableWrapText": false,
          "_N$horizontalAlign": 1,
          "_N$verticalAlign": 1,
          "_N$overflow": 1
        }
      ],
      "_contentSize": {
        "__type__": "cc.Size",
        "width": 150,
        "height": 50
      },
      "_scale": {
        "__type__": "cc.Vec3",
        "x": 1,
        "y": 1,
        "z": 1
      }
    },
    {
      "__type__": "cc.Button",
      "node": {
        "__id__": 25
      },
      "_N$transition": 2,
      "transition": 2,
      "_N$normalColor": {
        "__type__": "cc.Color",
        "r": 255,
        "g": 255,
        "b": 255
      },
      "_N$pressedColor": {
        "__type__": "cc.Color",
        "r": 255,
        "g": 255,
        "b": 255
      },
      "pressedColor": {
        "__type__": "cc.Color",
        "r": 255,
        "g": 255,
        "b": 255
      },
      "_N$disabledColor": {
        "__type__": "cc.Color",
        "r": 255,
        "g": 255,
        "b": 255
      },
      "_N$normalSprite": {
        "__uuid__": "f0BIwQ8D5Ml7nTNQbh1YlS"
      },
      "_N$pressedSprite": {
        "__uuid__": "e97GVMl6JHh5Ml5qEDdSGa"
      },
      "pressedSprite": {
        "__uuid__": "e97GVMl6JHh5Ml5qEDdSGa"
      },
      "_N$hoverSprite": {
        "__uuid__": "f0BIwQ8D5Ml7nTNQbh1YlS"
      },
      "hoverSprite": {
        "__uuid__": "f0BIwQ8D5Ml7nTNQbh1YlS"
      },
      "_N$disabledSprite": {
        "__uuid__": "29FYIk+N1GYaeWH/q1NxQO"
      },
      "_N$target": {
        "__id__": 25
      }
    },
    {
      "__type__": "cc.Node",
      "_name": "logout",
      "_parent": {
        "__id__": 2
      },
      "_children": [
        {
          "__id__": 29
        }
      ],
      "_components": [
        {
          "__type__": "cc.Sprite",
          "node": {
            "__id__": 28
          },
          "_spriteFrame": {
            "__uuid__": "f0BIwQ8D5Ml7nTNQbh1YlS"
          },
          "_type": 1,
          "_sizeMode": 0
        },
        {
          "__id__": 30
        }
      ],
      "_color": {
        "__type__": "cc.Color",
        "r": 92,
        "g": 108,
        "b": 124
      },
      "_contentSize": {
        "__type__": "cc.Size",
        "width": 150,
        "height": 50
      },
      "_position": {
        "__type__": "cc.Vec3",
        "x": -380,
        "y": -180
      },
      "_scale": {
        "__type__": "cc.Vec3",
        "x": 1,
        "y": 1,
        "z": 1
      }
    },
    {
      "__type__": "cc.Node",
      "_name": "Label",
      "_parent": {
        "__id__": 28
      },
      "_components": [
        {
          "__type__": "cc.Label",
          "node": {
            "__id__": 29
          },
          "_useOriginalSize": false,
          "_string": "登出",
          "_N$string": "登出",
          "_fontSize": 20,
          "_enableWrapText": false,
          "_N$horizontalAlign": 1,
          "_N$verticalAlign": 1,
          "_N$overflow": 1
        }
      ],
      "_contentSize": {
        "__type__": "cc.Size",
        "width": 150,
        "height": 50
      },
      "_scale": {
        "__type__": "cc.Vec3",
        "x": 1,
        "y": 1,
        "z": 1
      }
    },
    {
      "__type__": "cc.Button",
      "node": {
        "__id__": 28
      },
      "_N$transition": 2,
      "transition": 2,
      "_N$normalColor": {
        "__type__": "cc.Color",
        "r": 255,
        "g": 255,
        "b": 255
      },
      "_N$pressedColor": {
        "__type__": "cc.Color",
        "r": 255,
        "g": 255,
        "b": 255
      },
      "pressedColor": {
        "__type__": "cc.Color",
        "r": 255,
        "g": 255,
        "b": 255
      },
      "_N$disabledColor": {
        "__type__": "cc.Color",
        "r": 255,
        "g": 255,
        "b": 255
      },
      "_N$normalSprite": {
        "__uuid__": "f0BIwQ8D5Ml7nTNQbh1YlS"
      },
      "_N$pressedSprite": {
        "__uuid__": "e97GVMl6JHh5Ml5qEDdSGa"
      },
      "pressedSprite": {
        "__uuid__": "e97GVMl6JHh5Ml5qEDdSGa"
      },
      "_N$hoverSprite": {
        "__uuid__": "f0BIwQ8D5Ml7nTNQbh1YlS"
      },
      "hoverSprite": {
        "__uuid__": "f0BIwQ8D5Ml7nTNQbh1YlS"
      },
      "_N$disabledSprite": {
        "__uuid__": "29FYIk+N1GYaeWH/q1NxQO"
      },
      "_N$target": {
        "__id__": 28
      }
    },
    {
      "__type__": "cc.Node",
      "_name": "unInit",
      "_parent": {
        "__id__": 2
      },
      "_children": [
        {
          "__id__": 32
        }
      ],
      "_components": [
        {
          "__type__": "cc.Sprite",
          "node": {
            "__id__": 31
          },
          "_spriteFrame": {
            "__uuid__": "f0BIwQ8D5Ml7nTNQbh1YlS"
          },
          "_type": 1,
          "_sizeMode": 0
        },
        {
          "__id__": 33
        }
      ],
      "_color": {
        "__type__": "cc.Color",
        "r": 92,
        "g": 108,
        "b": 124
      },
      "_contentSize": {
        "__type__": "cc.Size",
        "width": 150,
        "height": 50
      },
      "_position": {
        "__type__": "cc.Vec3",
        "x": -380,
        "y": -240
      },
      "_scale": {
        "__type__": "cc.Vec3",
        "x": 1,
        "y": 1,
        "z": 1
      }
    },
    {
      "__type__": "cc.Node",
      "_name": "Label",
      "_parent": {
        "__id__": 31
      },
      "_components": [
        {
          "__type__": "cc.Label",
          "node": {
            "__id__": 32
          },
          "_useOriginalSize": false,
          "_string": "反初始化",
          "_N$string": "反初始化",
          "_fontSize": 20,
          "_enableWrapText": false,
          "_N$horizontalAlign": 1,
          "_N$verticalAlign": 1,
          "_N$overflow": 1
        }
      ],
      "_contentSize": {
        "__type__": "cc.Size",
        "width": 150,
        "height": 50
      },
      "_scale": {
        "__type__": "cc.Vec3",
        "x": 1,
        "y": 1,
        "z": 1
      }
    },
    {
      "__type__": "cc.Button",
      "node": {
        "__id__": 31
      },
      "_N$transition": 2,
      "transition": 2,
      "_N$normalColor": {
        "__type__": "cc.Color",
        "r": 255,
        "g": 255,
        "b": 255
      },
      "_N$pressedColor": {
        "__type__": "cc.Color",
        "r": 255,
        "g": 255,
        "b": 255
      },
      "pressedColor": {
        "__type__": "cc.Color",
        "r": 255,
        "g": 255,
        "b": 255
      },
      "_N$disabledColor": {
        "__type__": "cc.Color",
        "r": 255,
        "g": 255,
        "b": 255
      },
      "_N$normalSprite": {
        "__uuid__": "f0BIwQ8D5Ml7nTNQbh1YlS"
      },
      "_N$pressedSprite": {
        "__uuid__": "e97GVMl6JHh5Ml5qEDdSGa"
      },
      "pressedSprite": {
        "__uuid__": "e97GVMl6JHh5Ml5qEDdSGa"
      },
      "_N$hoverSprite": {
        "__uuid__": "f0BIwQ8D5Ml7nTNQbh1YlS"
      },
      "hoverSprite": {
        "__uuid__": "f0BIwQ8D5Ml7nTNQbh1YlS"
      },
      "_N$disabledSprite": {
        "__uuid__": "29FYIk+N1GYaeWH/q1NxQO"
      },
      "_N$target": {
        "__id__": 31
      }
    },
    {
      "__type__": "cc.Node",
      "_name": "logList",
      "_parent": {
        "__id__": 2
      },
      "_children": [
        {
          "__id__": 35
        },
        {
          "__id__": 41
        }
      ],
      "_components": [
        {
          "__type__": "cc.Sprite",
          "node": {
            "__id__": 34
          },
          "_spriteFrame": {
            "__uuid__": "9bvaMerUlDyary99mJa6xp"
          },
          "_type": 1,
          "_sizeMode": 0
        },
        {
          "__id__": 39
        }
      ],
      "_color": {
        "__type__": "cc.Color",
        "r": 151,
        "g": 167,
        "b": 167
      },
      "_contentSize": {
        "__type__": "cc.Size",
        "width": 700,
        "height": 500
      },
      "_position": {
        "__type__": "cc.Vec3",
        "x": 110,
        "y": 15
      },
      "_scale": {
        "__type__": "cc.Vec3",
        "x": 1,
        "y": 1,
        "z": 1
      }
    },
    {
      "__type__": "cc.Node",
      "_name": "scrollBar",
      "_parent": {
        "__id__": 34
      },
      "_children": [
        {
          "__id__": 36
        }
      ],
      "_components": [
        {
          "__id__": 38
        },
        {
          "__type__": "cc.Widget",
          "node": {
            "__id__": 35
          },
          "alignMode": 0,
          "_alignFlags": 37,
          "_left": 350.07654921020657,
          "_right": -15,
          "_originalHeight": 237
        },
        {
          "__type__": "cc.Sprite",
          "node": {
            "__id__": 35
          },
          "_spriteFrame": {
            "__uuid__": "5f5dyqtRNNxaFmVzYns6FZ"
          },
          "_type": 1,
          "_sizeMode": 0
        }
      ],
      "_contentSize": {
        "__type__": "cc.Size",
        "width": 18,
        "height": 500
      },
      "_anchorPoint": {
        "__type__": "cc.Vec2",
        "x": 1,
        "y": 0.5
      },
      "_position": {
        "__type__": "cc.Vec3",
        "x": 365
      },
      "_scale": {
        "__type__": "cc.Vec3",
        "x": 1,
        "y": 1,
        "z": 1
      }
    },
    {
      "__type__": "cc.Node",
      "_name": "bar",
      "_parent": {
        "__id__": 35
      },
      "_components": [
        {
          "__id__": 37
        }
      ],
      "_contentSize": {
        "__type__": "cc.Size",
        "width": 18,
        "height": 30
      },
      "_anchorPoint": {
        "__type__": "cc.Vec2",
        "x": 1
      },
      "_position": {
        "__type__": "cc.Vec3",
        "x": -1
      },
      "_scale": {
        "__type__": "cc.Vec3",
        "x": 1,
        "y": 1,
        "z": 1
      }
    },
    {
      "__type__": "cc.Sprite",
      "node": {
        "__id__": 36
      },
      "_spriteFrame": {
        "__uuid__": "5cO7kybDxGj4ipyMYdRYZB"
      },
      "_type": 1,
      "_sizeMode": 0
    },
    {
      "__type__": "cc.Scrollbar",
      "node": {
        "__id__": 35
      },
      "_scrollView": {
        "__id__": 39
      },
      "_N$handle": {
        "__id__": 37
      },
      "_N$direction": 1
    },
    {
      "__type__": "cc.ScrollView",
      "node": {
        "__id__": 34
      },
      "horizontal": false,
      "brake": 0.75,
      "bounceDuration": 0.23,
      "_N$content": {
        "__id__": 40
      },
      "content": {
        "__id__": 40
      },
      "_N$horizontalScrollBar": null,
      "_N$verticalScrollBar": {
        "__id__": 38
      }
    },
    {
      "__type__": "cc.Node",
      "_name": "content",
      "_parent": {
        "__id__": 41
      },
      "_contentSize": {
        "__type__": "cc.Size",
        "width": 220,
        "height": 400
      },
      "_anchorPoint": {
        "__type__": "cc.Vec2",
        "x": 0.5,
        "y": 1
      },
      "_position": {
        "__type__": "cc.Vec3",
        "y": 115.31
      },
      "_scale": {
        "__type__": "cc.Vec3",
        "x": 1,
        "y": 1,
        "z": 1
      }
    },
    {
      "__type__": "cc.Node",
      "_name": "view",
      "_parent": {
        "__id__": 34
      },
      "_children": [
        {
          "__id__": 40
        }
      ],
      "_components": [
        {
          "__type__": "cc.Mask",
          "node": {
            "__id__": 41
          }
        }
      ],
      "_contentSize": {
        "__type__": "cc.Size",
        "width": 700,
        "height": 500
      },
      "_scale": {
        "__type__": "cc.Vec3",
        "x": 1,
        "y": 1,
        "z": 1
      }
    },
    {
      "__type__": "cc.Node",
      "_name": "clearLog",
      "_parent": {
        "__id__": 2
      },
      "_children": [
        {
          "__id__": 43
        }
      ],
      "_components": [
        {
          "__type__": "cc.Sprite",
          "node": {
            "__id__": 42
          },
          "_spriteFrame": {
            "__uuid__": "f0BIwQ8D5Ml7nTNQbh1YlS"
          },
          "_type": 1,
          "_sizeMode": 0
        },
        {
          "__id__": 44
        }
      ],
      "_color": {
        "__type__": "cc.Color",
        "r": 92,
        "g": 108,
        "b": 124
      },
      "_contentSize": {
        "__type__": "cc.Size",
        "width": 180,
        "height": 50
      },
      "_position": {
        "__type__": "cc.Vec3",
        "x": 365,
        "y": -280
      },
      "_scale": {
        "__type__": "cc.Vec3",
        "x": 1,
        "y": 1,
        "z": 1
      }
    },
    {
      "__type__": "cc.Node",
      "_name": "Label",
      "_parent": {
        "__id__": 42
      },
      "_components": [
        {
          "__type__": "cc.Label",
          "node": {
            "__id__": 43
          },
          "_useOriginalSize": false,
          "_string": "清除日志",
          "_N$string": "清除日志",
          "_fontSize": 20,
          "_enableWrapText": false,
          "_N$horizontalAlign": 1,
          "_N$verticalAlign": 1,
          "_N$overflow": 1
        }
      ],
      "_contentSize": {
        "__type__": "cc.Size",
        "width": 180,
        "height": 50
      },
      "_scale": {
        "__type__": "cc.Vec3",
        "x": 1,
        "y": 1,
        "z": 1
      }
    },
    {
      "__type__": "cc.Button",
      "node": {
        "__id__": 42
      },
      "_N$transition": 2,
      "transition": 2,
      "_N$normalColor": {
        "__type__": "cc.Color",
        "r": 255,
        "g": 255,
        "b": 255
      },
      "_N$pressedColor": {
        "__type__": "cc.Color",
        "r": 255,
        "g": 255,
        "b": 255
      },
      "pressedColor": {
        "__type__": "cc.Color",
        "r": 255,
        "g": 255,
        "b": 255
      },
      "_N$disabledColor": {
        "__type__": "cc.Color",
        "r": 255,
        "g": 255,
        "b": 255
      },
      "_N$normalSprite": {
        "__uuid__": "f0BIwQ8D5Ml7nTNQbh1YlS"
      },
      "_N$pressedSprite": {
        "__uuid__": "e97GVMl6JHh5Ml5qEDdSGa"
      },
      "pressedSprite": {
        "__uuid__": "e97GVMl6JHh5Ml5qEDdSGa"
      },
      "_N$hoverSprite": {
        "__uuid__": "f0BIwQ8D5Ml7nTNQbh1YlS"
      },
      "hoverSprite": {
        "__uuid__": "f0BIwQ8D5Ml7nTNQbh1YlS"
      },
      "_N$disabledSprite": {
        "__uuid__": "29FYIk+N1GYaeWH/q1NxQO"
      },
      "_N$target": {
        "__id__": 42
      }
    },
    {
      "__type__": "cc.Node",
      "_name": "backHome",
      "_parent": {
        "__id__": 2
      },
      "_children": [
        {
          "__id__": 46
        }
      ],
      "_components": [
        {
          "__type__": "cc.Sprite",
          "node": {
            "__id__": 45
          },
          "_spriteFrame": {
            "__uuid__": "f0BIwQ8D5Ml7nTNQbh1YlS"
          },
          "_type": 1,
          "_sizeMode": 0
        },
        {
          "__id__": 47
        }
      ],
      "_color": {
        "__type__": "cc.Color",
        "r": 92,
        "g": 108,
        "b": 124
      },
      "_contentSize": {
        "__type__": "cc.Size",
        "width": 180,
        "height": 50
      },
      "_position": {
        "__type__": "cc.Vec3",
        "x": 165,
        "y": -280
      },
      "_scale": {
        "__type__": "cc.Vec3",
        "x": 1,
        "y": 1,
        "z": 1
      }
    },
    {
      "__type__": "cc.Node",
      "_name": "Label",
      "_parent": {
        "__id__": 45
      },
      "_components": [
        {
          "__type__": "cc.Label",
          "node": {
            "__id__": 46
          },
          "_useOriginalSize": false,
          "_string": "返回首页",
          "_N$string": "返回首页",
          "_fontSize": 20,
          "_enableWrapText": false,
          "_N$horizontalAlign": 1,
          "_N$verticalAlign": 1,
          "_N$overflow": 1
        }
      ],
      "_contentSize": {
        "__type__": "cc.Size",
        "width": 180,
        "height": 50
      },
      "_scale": {
        "__type__": "cc.Vec3",
        "x": 1,
        "y": 1,
        "z": 1
      }
    },
    {
      "__type__": "cc.Button",
      "node": {
        "__id__": 45
      },
      "_N$transition": 2,
      "transition": 2,
      "_N$normalColor": {
        "__type__": "cc.Color",
        "r": 255,
        "g": 255,
        "b": 255
      },
      "_N$pressedColor": {
        "__type__": "cc.Color",
        "r": 255,
        "g": 255,
        "b": 255
      },
      "pressedColor": {
        "__type__": "cc.Color",
        "r": 255,
        "g": 255,
        "b": 255
      },
      "_N$disabledColor": {
        "__type__": "cc.Color",
        "r": 255,
        "g": 255,
        "b": 255
      },
      "_N$normalSprite": {
        "__uuid__": "f0BIwQ8D5Ml7nTNQbh1YlS"
      },
      "_N$pressedSprite": {
        "__uuid__": "e97GVMl6JHh5Ml5qEDdSGa"
      },
      "pressedSprite": {
        "__uuid__": "e97GVMl6JHh5Ml5qEDdSGa"
      },
      "_N$hoverSprite": {
        "__uuid__": "f0BIwQ8D5Ml7nTNQbh1YlS"
      },
      "hoverSprite": {
        "__uuid__": "f0BIwQ8D5Ml7nTNQbh1YlS"
      },
      "_N$disabledSprite": {
        "__uuid__": "29FYIk+N1GYaeWH/q1NxQO"
      },
      "_N$target": {
        "__id__": 45
      }
    },
    {
      "__type__": "cc.Node",
      "_name": "btnSAAS",
      "_parent": {
        "__id__": 2
      },
      "_children": [
        {
          "__id__": 49
        }
      ],
      "_level": 1,
      "_components": [
        {
          "__type__": "cc.Sprite",
          "node": {
            "__id__": 48
          },
          "_spriteFrame": {
            "__uuid__": "f0BIwQ8D5Ml7nTNQbh1YlS"
          },
          "_type": 1,
          "_sizeMode": 0
        },
        {
          "__id__": 50
        }
      ],
      "_color": {
        "__type__": "cc.Color",
        "r": 92,
        "g": 108,
        "b": 124
      },
      "_contentSize": {
        "__type__": "cc.Size",
        "width": 120,
        "height": 40
      },
      "_position": {
        "__type__": "cc.Vec3",
        "x": -40,
        "y": -279
      },
      "_scale": {
        "__type__": "cc.Vec3",
        "x": 1,
        "y": 1,
        "z": 1
      }
    },
    {
      "__type__": "cc.Node",
      "_name": "Label",
      "_parent": {
        "__id__": 48
      },
      "_components": [
        {
          "__type__": "cc.Label",
          "node": {
            "__id__": 49
          },
          "_useOriginalSize": false,
          "_string": "云托管模式",
          "_N$string": "云托管模式",
          "_fontSize": 18,
          "_enableWrapText": false,
          "_N$horizontalAlign": 1,
          "_N$verticalAlign": 1,
          "_N$overflow": 1
        }
      ],
      "_contentSize": {
        "__type__": "cc.Size",
        "width": 150,
        "height": 50
      },
      "_position": {
        "__type__": "cc.Vec3",
        "y": 2
      },
      "_scale": {
        "__type__": "cc.Vec3",
        "x": 1,
        "y": 1,
        "z": 1
      }
    },
    {
      "__type__": "cc.Button",
      "node": {
        "__id__": 48
      },
      "_N$transition": 2,
      "transition": 2,
      "_N$normalColor": {
        "__type__": "cc.Color",
        "r": 255,
        "g": 255,
        "b": 255
      },
      "_N$pressedColor": {
        "__type__": "cc.Color",
        "r": 255,
        "g": 255,
        "b": 255
      },
      "pressedColor": {
        "__type__": "cc.Color",
        "r": 255,
        "g": 255,
        "b": 255
      },
      "_N$disabledColor": {
        "__type__": "cc.Color",
        "r": 255,
        "g": 255,
        "b": 255
      },
      "_N$normalSprite": {
        "__uuid__": "f0BIwQ8D5Ml7nTNQbh1YlS"
      },
      "_N$pressedSprite": {
        "__uuid__": "e97GVMl6JHh5Ml5qEDdSGa"
      },
      "pressedSprite": {
        "__uuid__": "e97GVMl6JHh5Ml5qEDdSGa"
      },
      "_N$hoverSprite": {
        "__uuid__": "f0BIwQ8D5Ml7nTNQbh1YlS"
      },
      "hoverSprite": {
        "__uuid__": "f0BIwQ8D5Ml7nTNQbh1YlS"
      },
      "_N$disabledSprite": {
        "__uuid__": "29FYIk+N1GYaeWH/q1NxQO"
      },
      "_N$target": {
        "__id__": 48
      }
    },
    {
      "__type__": "cc.Node",
      "_name": "btnClear",
      "_parent": {
        "__id__": 2
      },
      "_children": [
        {
          "__id__": 52
        }
      ],
      "_level": 1,
      "_components": [
        {
          "__type__": "cc.Sprite",
          "node": {
            "__id__": 51
          },
          "_spriteFrame": {
            "__uuid__": "f0BIwQ8D5Ml7nTNQbh1YlS"
          },
          "_type": 1,
          "_sizeMode": 0
        },
        {
          "__id__": 53
        }
      ],
      "_color": {
        "__type__": "cc.Color",
        "r": 92,
        "g": 108,
        "b": 124
      },
      "_contentSize": {
        "__type__": "cc.Size",
        "width": 120,
        "height": 40
      },
      "_position": {
        "__type__": "cc.Vec3",
        "x": -184,
        "y": -278
      },
      "_scale": {
        "__type__": "cc.Vec3",
        "x": 1,
        "y": 1,
        "z": 1
      }
    },
    {
      "__type__": "cc.Node",
      "_name": "Label",
      "_parent": {
        "__id__": 51
      },
      "_level": 2,
      "_components": [
        {
          "__type__": "cc.Label",
          "node": {
            "__id__": 52
          },
          "_useOriginalSize": false,
          "_string": "清除缓存",
          "_N$string": "清除缓存",
          "_fontSize": 18,
          "_enableWrapText": false,
          "_N$horizontalAlign": 1,
          "_N$verticalAlign": 1,
          "_N$overflow": 1
        }
      ],
      "_contentSize": {
        "__type__": "cc.Size",
        "width": 150,
        "height": 50
      },
      "_scale": {
        "__type__": "cc.Vec3",
        "x": 1,
        "y": 1,
        "z": 1
      }
    },
    {
      "__type__": "cc.Button",
      "node": {
        "__id__": 51
      },
      "_N$transition": 2,
      "transition": 2,
      "_N$normalColor": {
        "__type__": "cc.Color",
        "r": 255,
        "g": 255,
        "b": 255
      },
      "_N$pressedColor": {
        "__type__": "cc.Color",
        "r": 255,
        "g": 255,
        "b": 255
      },
      "pressedColor": {
        "__type__": "cc.Color",
        "r": 255,
        "g": 255,
        "b": 255
      },
      "_N$disabledColor": {
        "__type__": "cc.Color",
        "r": 255,
        "g": 255,
        "b": 255
      },
      "_N$normalSprite": {
        "__uuid__": "f0BIwQ8D5Ml7nTNQbh1YlS"
      },
      "_N$pressedSprite": {
        "__uuid__": "e97GVMl6JHh5Ml5qEDdSGa"
      },
      "pressedSprite": {
        "__uuid__": "e97GVMl6JHh5Ml5qEDdSGa"
      },
      "_N$hoverSprite": {
        "__uuid__": "f0BIwQ8D5Ml7nTNQbh1YlS"
      },
      "hoverSprite": {
        "__uuid__": "f0BIwQ8D5Ml7nTNQbh1YlS"
      },
      "_N$disabledSprite": {
        "__uuid__": "29FYIk+N1GYaeWH/q1NxQO"
      },
      "_N$target": {
        "__id__": 51
      }
    },
    {
      "__type__": "cc.Node",
      "_name": "appkey",
      "_parent": {
        "__id__": 2
      },
      "_children": [
        {
          "__id__": 55
        },
        {
          "__id__": 56
        }
      ],
      "_level": 1,
      "_position": {
        "__type__": "cc.Vec3",
        "x": 13,
        "y": 290.7
      },
      "_scale": {
        "__type__": "cc.Vec3",
        "x": 1,
        "y": 1,
        "z": 1
      }
    },
    {
      "__type__": "cc.Node",
      "_name": "label",
      "_parent": {
        "__id__": 54
      },
      "_level": 2,
      "_components": [
        {
          "__type__": "cc.Label",
          "node": {
            "__id__": 55
          },
          "_useOriginalSize": false,
          "_string": "appKey:",
          "_N$string": "appKey:",
          "_fontSize": 12,
          "_N$horizontalAlign": 1,
          "_N$verticalAlign": 1
        }
      ],
      "_contentSize": {
        "__type__": "cc.Size",
        "width": 45,
        "height": 40
      },
      "_position": {
        "__type__": "cc.Vec3",
        "y": 16
      },
      "_scale": {
        "__type__": "cc.Vec3",
        "x": 1,
        "y": 1,
        "z": 1
      }
    },
    {
      "__type__": "cc.Node",
      "_name": "editbox",
      "_parent": {
        "__id__": 54
      },
      "_children": [
        {
          "__id__": 57
        },
        {
          "__id__": 58
        },
        {
          "__id__": 59
        }
      ],
      "_level": 2,
      "_components": [
        {
          "__id__": 60
        }
      ],
      "_contentSize": {
        "__type__": "cc.Size",
        "width": 300,
        "height": 18
      },
      "_position": {
        "__type__": "cc.Vec3",
        "x": 183,
        "y": 16
      },
      "_scale": {
        "__type__": "cc.Vec3",
        "x": 1,
        "y": 1,
        "z": 1
      }
    },
    {
      "__type__": "cc.Node",
      "_name": "BACKGROUND_SPRITE",
      "_parent": {
        "__id__": 56
      },
      "_level": 2,
      "_components": [
        {
          "__type__": "cc.Sprite",
          "node": {
            "__id__": 57
          },
          "_spriteFrame": {
            "__uuid__": "ffDpHHVcZAhqOfy25Fe4w7"
          },
          "_type": 1,
          "_sizeMode": 0
        }
      ],
      "_contentSize": {
        "__type__": "cc.Size",
        "width": 300,
        "height": 18
      },
      "_scale": {
        "__type__": "cc.Vec3",
        "x": 1,
        "y": 1,
        "z": 1
      }
    },
    {
      "__type__": "cc.Node",
      "_name": "TEXT_LABEL",
      "_parent": {
        "__id__": 56
      },
      "_level": 2,
      "_components": [
        {
          "__type__": "cc.Label",
          "node": {
            "__id__": 58
          },
          "_string": "...",
          "_N$string": "...",
          "_fontSize": 20,
          "_enableWrapText": false,
          "_N$verticalAlign": 1,
          "_N$overflow": 1
        }
      ],
      "_contentSize": {
        "__type__": "cc.Size",
        "width": 298,
        "height": 18
      },
      "_anchorPoint": {
        "__type__": "cc.Vec2",
        "y": 1
      },
      "_position": {
        "__type__": "cc.Vec3",
        "x": -148,
        "y": 9
      },
      "_scale": {
        "__type__": "cc.Vec3",
        "x": 1,
        "y": 1,
        "z": 1
      }
    },
    {
      "__type__": "cc.Node",
      "_name": "PLACEHOLDER_LABEL",
      "_parent": {
        "__id__": 56
      },
      "_active": false,
      "_level": 2,
      "_components": [
        {
          "__type__": "cc.Label",
          "node": {
            "__id__": 59
          },
          "_fontSize": 20,
          "_lineHeight": 18,
          "_enableWrapText": false,
          "_N$verticalAlign": 1,
          "_N$overflow": 1
        }
      ],
      "_color": {
        "__type__": "cc.Color",
        "r": 187,
        "g": 187,
        "b": 187
      },
      "_contentSize": {
        "__type__": "cc.Size",
        "width": 298,
        "height": 18
      },
      "_anchorPoint": {
        "__type__": "cc.Vec2",
        "y": 1
      },
      "_position": {
        "__type__": "cc.Vec3",
        "x": -148,
        "y": 9
      },
      "_scale": {
        "__type__": "cc.Vec3",
        "x": 1,
        "y": 1,
        "z": 1
      }
    },
    {
      "__type__": "cc.EditBox",
      "node": {
        "__id__": 56
      },
      "_useOriginalSize": false,
      "_string": "...",
      "_N$backgroundImage": {
        "__uuid__": "ffDpHHVcZAhqOfy25Fe4w7"
      },
      "_N$returnType": 0,
      "_N$fontSize": 20,
      "_N$lineHeight": 40,
      "_N$fontColor": {
        "__type__": "cc.Color",
        "r": 255,
        "g": 255,
        "b": 255
      },
      "_N$placeholder": "",
      "_N$placeholderFontSize": 20,
      "_N$placeholderFontColor": {
        "__type__": "cc.Color",
        "r": 187,
        "g": 187,
        "b": 187
      },
      "_N$maxLength": 111,
      "_N$inputMode": 6
    },
    {
      "__type__": "cc.Node",
      "_name": "gameid",
      "_parent": {
        "__id__": 2
      },
      "_children": [
        {
          "__id__": 62
        },
        {
          "__id__": 63
        }
      ],
      "_level": 1,
      "_position": {
        "__type__": "cc.Vec3",
        "x": -216.9,
        "y": 289.7
      },
      "_scale": {
        "__type__": "cc.Vec3",
        "x": 1,
        "y": 1,
        "z": 1
      }
    },
    {
      "__type__": "cc.Node",
      "_name": "label",
      "_parent": {
        "__id__": 61
      },
      "_level": 2,
      "_components": [
        {
          "__type__": "cc.Label",
          "node": {
            "__id__": 62
          },
          "_useOriginalSize": false,
          "_string": "gameID:",
          "_N$string": "gameID:",
          "_fontSize": 12,
          "_N$horizontalAlign": 1,
          "_N$verticalAlign": 1
        }
      ],
      "_contentSize": {
        "__type__": "cc.Size",
        "width": 46,
        "height": 40
      },
      "_position": {
        "__type__": "cc.Vec3",
        "y": 16
      },
      "_scale": {
        "__type__": "cc.Vec3",
        "x": 1,
        "y": 1,
        "z": 1
      }
    },
    {
      "__type__": "cc.Node",
      "_name": "editbox",
      "_parent": {
        "__id__": 61
      },
      "_children": [
        {
          "__id__": 64
        },
        {
          "__id__": 65
        },
        {
          "__id__": 66
        }
      ],
      "_level": 2,
      "_components": [
        {
          "__id__": 67
        }
      ],
      "_contentSize": {
        "__type__": "cc.Size",
        "width": 160,
        "height": 18
      },
      "_position": {
        "__type__": "cc.Vec3",
        "x": 114,
        "y": 16
      },
      "_scale": {
        "__type__": "cc.Vec3",
        "x": 1,
        "y": 1,
        "z": 1
      }
    },
    {
      "__type__": "cc.Node",
      "_name": "BACKGROUND_SPRITE",
      "_parent": {
        "__id__": 63
      },
      "_level": 2,
      "_components": [
        {
          "__type__": "cc.Sprite",
          "node": {
            "__id__": 64
          },
          "_spriteFrame": {
            "__uuid__": "ffDpHHVcZAhqOfy25Fe4w7"
          },
          "_type": 1,
          "_sizeMode": 0
        }
      ],
      "_contentSize": {
        "__type__": "cc.Size",
        "width": 160,
        "height": 18
      },
      "_scale": {
        "__type__": "cc.Vec3",
        "x": 1,
        "y": 1,
        "z": 1
      }
    },
    {
      "__type__": "cc.Node",
      "_name": "TEXT_LABEL",
      "_parent": {
        "__id__": 63
      },
      "_level": 2,
      "_components": [
        {
          "__type__": "cc.Label",
          "node": {
            "__id__": 65
          },
          "_string": "...",
          "_N$string": "...",
          "_fontSize": 20,
          "_enableWrapText": false,
          "_N$verticalAlign": 1,
          "_N$overflow": 1
        }
      ],
      "_contentSize": {
        "__type__": "cc.Size",
        "width": 158,
        "height": 18
      },
      "_anchorPoint": {
        "__type__": "cc.Vec2",
        "y": 1
      },
      "_position": {
        "__type__": "cc.Vec3",
        "x": -78,
        "y": 9
      },
      "_scale": {
        "__type__": "cc.Vec3",
        "x": 1,
        "y": 1,
        "z": 1
      }
    },
    {
      "__type__": "cc.Node",
      "_name": "PLACEHOLDER_LABEL",
      "_parent": {
        "__id__": 63
      },
      "_active": false,
      "_level": 2,
      "_components": [
        {
          "__type__": "cc.Label",
          "node": {
            "__id__": 66
          },
          "_fontSize": 20,
          "_lineHeight": 18,
          "_enableWrapText": false,
          "_N$verticalAlign": 1,
          "_N$overflow": 1
        }
      ],
      "_color": {
        "__type__": "cc.Color",
        "r": 187,
        "g": 187,
        "b": 187
      },
      "_contentSize": {
        "__type__": "cc.Size",
        "width": 158,
        "height": 18
      },
      "_anchorPoint": {
        "__type__": "cc.Vec2",
        "y": 1
      },
      "_position": {
        "__type__": "cc.Vec3",
        "x": -78,
        "y": 9
      },
      "_scale": {
        "__type__": "cc.Vec3",
        "x": 1,
        "y": 1,
        "z": 1
      }
    },
    {
      "__type__": "cc.EditBox",
      "node": {
        "__id__": 63
      },
      "_useOriginalSize": false,
      "_string": "...",
      "_N$backgroundImage": {
        "__uuid__": "ffDpHHVcZAhqOfy25Fe4w7"
      },
      "_N$returnType": 0,
      "_N$fontSize": 20,
      "_N$lineHeight": 40,
      "_N$fontColor": {
        "__type__": "cc.Color",
        "r": 255,
        "g": 255,
        "b": 255
      },
      "_N$placeholder": "",
      "_N$placeholderFontSize": 20,
      "_N$placeholderFontColor": {
        "__type__": "cc.Color",
        "r": 187,
        "g": 187,
        "b": 187
      },
      "_N$maxLength": 111,
      "_N$inputMode": 6
    },
    {
      "__type__": "cc.Node",
      "_name": "label",
      "_parent": {
        "__id__": 2
      },
      "_level": 1,
      "_components": [
        {
          "__id__": 69
        }
      ],
      "_contentSize": {
        "__type__": "cc.Size",
        "width": 90,
        "height": 40
      },
      "_position": {
        "__type__": "cc.Vec3",
        "x": -404,
        "y": 291
      },
      "_scale": {
        "__type__": "cc.Vec3",
        "x": 1,
        "y": 1,
        "z": 1
      }
    },
    {
      "__type__": "cc.Label",
      "node": {
        "__id__": 68
      },
      "_useOriginalSize": false,
      "_string": "自托管模式",
      "_N$string": "自托管模式",
      "_fontSize": 18,
      "_N$horizontalAlign": 1,
      "_N$verticalAlign": 1
    },
    {
      "__type__": "cc.Node",
      "_name": "paasGroup",
      "_parent": {
        "__id__": 2
      },
      "_children": [
        {
          "__id__": 71
        },
        {
          "__id__": 78
        },
        {
          "__id__": 85
        }
      ],
      "_level": 1,
      "_scale": {
        "__type__": "cc.Vec3",
        "x": 1,
        "y": 1,
        "z": 1
      }
    },
    {
      "__type__": "cc.Node",
      "_name": "host",
      "_parent": {
        "__id__": 70
      },
      "_children": [
        {
          "__id__": 72
        },
        {
          "__id__": 73
        }
      ],
      "_level": 2,
      "_position": {
        "__type__": "cc.Vec3",
        "x": 245,
        "y": 266.3
      },
      "_scale": {
        "__type__": "cc.Vec3",
        "x": 1,
        "y": 1,
        "z": 1
      }
    },
    {
      "__type__": "cc.Node",
      "_name": "label",
      "_parent": {
        "__id__": 71
      },
      "_level": 2,
      "_components": [
        {
          "__type__": "cc.Label",
          "node": {
            "__id__": 72
          },
          "_useOriginalSize": false,
          "_string": "服务地址:",
          "_N$string": "服务地址:",
          "_fontSize": 12,
          "_N$horizontalAlign": 1,
          "_N$verticalAlign": 1
        }
      ],
      "_contentSize": {
        "__type__": "cc.Size",
        "width": 51,
        "height": 40
      },
      "_position": {
        "__type__": "cc.Vec3",
        "y": 16
      },
      "_scale": {
        "__type__": "cc.Vec3",
        "x": 1,
        "y": 1,
        "z": 1
      }
    },
    {
      "__type__": "cc.Node",
      "_name": "editbox",
      "_parent": {
        "__id__": 71
      },
      "_children": [
        {
          "__id__": 74
        },
        {
          "__id__": 75
        },
        {
          "__id__": 76
        }
      ],
      "_level": 2,
      "_components": [
        {
          "__id__": 77
        }
      ],
      "_contentSize": {
        "__type__": "cc.Size",
        "width": 160,
        "height": 18
      },
      "_position": {
        "__type__": "cc.Vec3",
        "x": 114,
        "y": 16
      },
      "_scale": {
        "__type__": "cc.Vec3",
        "x": 1,
        "y": 1,
        "z": 1
      }
    },
    {
      "__type__": "cc.Node",
      "_name": "BACKGROUND_SPRITE",
      "_parent": {
        "__id__": 73
      },
      "_level": 2,
      "_components": [
        {
          "__type__": "cc.Sprite",
          "node": {
            "__id__": 74
          },
          "_spriteFrame": {
            "__uuid__": "ffDpHHVcZAhqOfy25Fe4w7"
          },
          "_type": 1,
          "_sizeMode": 0
        }
      ],
      "_contentSize": {
        "__type__": "cc.Size",
        "width": 160,
        "height": 18
      },
      "_scale": {
        "__type__": "cc.Vec3",
        "x": 1,
        "y": 1,
        "z": 1
      }
    },
    {
      "__type__": "cc.Node",
      "_name": "TEXT_LABEL",
      "_parent": {
        "__id__": 73
      },
      "_level": 2,
      "_components": [
        {
          "__type__": "cc.Label",
          "node": {
            "__id__": 75
          },
          "_string": "...",
          "_N$string": "...",
          "_fontSize": 20,
          "_enableWrapText": false,
          "_N$verticalAlign": 1,
          "_N$overflow": 1
        }
      ],
      "_contentSize": {
        "__type__": "cc.Size",
        "width": 158,
        "height": 18
      },
      "_anchorPoint": {
        "__type__": "cc.Vec2",
        "y": 1
      },
      "_position": {
        "__type__": "cc.Vec3",
        "x": -78,
        "y": 9
      },
      "_scale": {
        "__type__": "cc.Vec3",
        "x": 1,
        "y": 1,
        "z": 1
      }
    },
    {
      "__type__": "cc.Node",
      "_name": "PLACEHOLDER_LABEL",
      "_parent": {
        "__id__": 73
      },
      "_active": false,
      "_level": 2,
      "_components": [
        {
          "__type__": "cc.Label",
          "node": {
            "__id__": 76
          },
          "_fontSize": 20,
          "_lineHeight": 18,
          "_enableWrapText": false,
          "_N$verticalAlign": 1,
          "_N$overflow": 1
        }
      ],
      "_color": {
        "__type__": "cc.Color",
        "r": 187,
        "g": 187,
        "b": 187
      },
      "_contentSize": {
        "__type__": "cc.Size",
        "width": 158,
        "height": 18
      },
      "_anchorPoint": {
        "__type__": "cc.Vec2",
        "y": 1
      },
      "_position": {
        "__type__": "cc.Vec3",
        "x": -78,
        "y": 9
      },
      "_scale": {
        "__type__": "cc.Vec3",
        "x": 1,
        "y": 1,
        "z": 1
      }
    },
    {
      "__type__": "cc.EditBox",
      "node": {
        "__id__": 73
      },
      "_useOriginalSize": false,
      "_string": "...",
      "_N$backgroundImage": {
        "__uuid__": "ffDpHHVcZAhqOfy25Fe4w7"
      },
      "_N$returnType": 0,
      "_N$fontSize": 20,
      "_N$lineHeight": 40,
      "_N$fontColor": {
        "__type__": "cc.Color",
        "r": 255,
        "g": 255,
        "b": 255
      },
      "_N$placeholder": "",
      "_N$placeholderFontSize": 20,
      "_N$placeholderFontColor": {
        "__type__": "cc.Color",
        "r": 187,
        "g": 187,
        "b": 187
      },
      "_N$maxLength": 99,
      "_N$inputMode": 6
    },
    {
      "__type__": "cc.Node",
      "_name": "token",
      "_parent": {
        "__id__": 70
      },
      "_children": [
        {
          "__id__": 79
        },
        {
          "__id__": 80
        }
      ],
      "_level": 2,
      "_position": {
        "__type__": "cc.Vec3",
        "x": 12,
        "y": 264
      },
      "_scale": {
        "__type__": "cc.Vec3",
        "x": 1,
        "y": 1,
        "z": 1
      }
    },
    {
      "__type__": "cc.Node",
      "_name": "label",
      "_parent": {
        "__id__": 78
      },
      "_level": 2,
      "_components": [
        {
          "__type__": "cc.Label",
          "node": {
            "__id__": 79
          },
          "_useOriginalSize": false,
          "_string": "token :",
          "_N$string": "token :",
          "_fontSize": 12,
          "_N$horizontalAlign": 1,
          "_N$verticalAlign": 1
        }
      ],
      "_contentSize": {
        "__type__": "cc.Size",
        "width": 36,
        "height": 40
      },
      "_position": {
        "__type__": "cc.Vec3",
        "x": -2,
        "y": 16
      },
      "_scale": {
        "__type__": "cc.Vec3",
        "x": 1,
        "y": 1,
        "z": 1
      }
    },
    {
      "__type__": "cc.Node",
      "_name": "editbox",
      "_parent": {
        "__id__": 78
      },
      "_children": [
        {
          "__id__": 81
        },
        {
          "__id__": 82
        },
        {
          "__id__": 83
        }
      ],
      "_level": 2,
      "_components": [
        {
          "__id__": 84
        }
      ],
      "_contentSize": {
        "__type__": "cc.Size",
        "width": 160,
        "height": 18
      },
      "_position": {
        "__type__": "cc.Vec3",
        "x": 114,
        "y": 16
      },
      "_scale": {
        "__type__": "cc.Vec3",
        "x": 1,
        "y": 1,
        "z": 1
      }
    },
    {
      "__type__": "cc.Node",
      "_name": "BACKGROUND_SPRITE",
      "_parent": {
        "__id__": 80
      },
      "_level": 2,
      "_components": [
        {
          "__type__": "cc.Sprite",
          "node": {
            "__id__": 81
          },
          "_spriteFrame": {
            "__uuid__": "ffDpHHVcZAhqOfy25Fe4w7"
          },
          "_type": 1,
          "_sizeMode": 0
        }
      ],
      "_contentSize": {
        "__type__": "cc.Size",
        "width": 160,
        "height": 18
      },
      "_scale": {
        "__type__": "cc.Vec3",
        "x": 1,
        "y": 1,
        "z": 1
      }
    },
    {
      "__type__": "cc.Node",
      "_name": "TEXT_LABEL",
      "_parent": {
        "__id__": 80
      },
      "_level": 2,
      "_components": [
        {
          "__type__": "cc.Label",
          "node": {
            "__id__": 82
          },
          "_string": "...",
          "_N$string": "...",
          "_fontSize": 20,
          "_enableWrapText": false,
          "_N$verticalAlign": 1,
          "_N$overflow": 1
        }
      ],
      "_contentSize": {
        "__type__": "cc.Size",
        "width": 158,
        "height": 18
      },
      "_anchorPoint": {
        "__type__": "cc.Vec2",
        "y": 1
      },
      "_position": {
        "__type__": "cc.Vec3",
        "x": -78,
        "y": 9
      },
      "_scale": {
        "__type__": "cc.Vec3",
        "x": 1,
        "y": 1,
        "z": 1
      }
    },
    {
      "__type__": "cc.Node",
      "_name": "PLACEHOLDER_LABEL",
      "_parent": {
        "__id__": 80
      },
      "_active": false,
      "_level": 2,
      "_components": [
        {
          "__type__": "cc.Label",
          "node": {
            "__id__": 83
          },
          "_fontSize": 20,
          "_lineHeight": 18,
          "_enableWrapText": false,
          "_N$verticalAlign": 1,
          "_N$overflow": 1
        }
      ],
      "_color": {
        "__type__": "cc.Color",
        "r": 187,
        "g": 187,
        "b": 187
      },
      "_contentSize": {
        "__type__": "cc.Size",
        "width": 158,
        "height": 18
      },
      "_anchorPoint": {
        "__type__": "cc.Vec2",
        "y": 1
      },
      "_position": {
        "__type__": "cc.Vec3",
        "x": -78,
        "y": 9
      },
      "_scale": {
        "__type__": "cc.Vec3",
        "x": 1,
        "y": 1,
        "z": 1
      }
    },
    {
      "__type__": "cc.EditBox",
      "node": {
        "__id__": 80
      },
      "_useOriginalSize": false,
      "_string": "...",
      "_N$backgroundImage": {
        "__uuid__": "ffDpHHVcZAhqOfy25Fe4w7"
      },
      "_N$returnType": 0,
      "_N$fontSize": 20,
      "_N$lineHeight": 40,
      "_N$fontColor": {
        "__type__": "cc.Color",
        "r": 255,
        "g": 255,
        "b": 255
      },
      "_N$placeholder": "",
      "_N$placeholderFontSize": 20,
      "_N$placeholderFontColor": {
        "__type__": "cc.Color",
        "r": 187,
        "g": 187,
        "b": 187
      },
      "_N$maxLength": 111,
      "_N$inputMode": 6
    },
    {
      "__type__": "cc.Node",
      "_name": "userid",
      "_parent": {
        "__id__": 70
      },
      "_children": [
        {
          "__id__": 86
        },
        {
          "__id__": 87
        }
      ],
      "_level": 2,
      "_position": {
        "__type__": "cc.Vec3",
        "x": -217.4,
        "y": 264
      },
      "_scale": {
        "__type__": "cc.Vec3",
        "x": 1,
        "y": 1,
        "z": 1
      }
    },
    {
      "__type__": "cc.Node",
      "_name": "label",
      "_parent": {
        "__id__": 85
      },
      "_level": 2,
      "_components": [
        {
          "__type__": "cc.Label",
          "node": {
            "__id__": 86
          },
          "_useOriginalSize": false,
          "_string": "userID :",
          "_N$string": "userID :",
          "_fontSize": 12,
          "_N$horizontalAlign": 1,
          "_N$verticalAlign": 1
        }
      ],
      "_contentSize": {
        "__type__": "cc.Size",
        "width": 42,
        "height": 40
      },
      "_position": {
        "__type__": "cc.Vec3",
        "x": -2,
        "y": 16
      },
      "_scale": {
        "__type__": "cc.Vec3",
        "x": 1,
        "y": 1,
        "z": 1
      }
    },
    {
      "__type__": "cc.Node",
      "_name": "editbox",
      "_parent": {
        "__id__": 85
      },
      "_children": [
        {
          "__id__": 88
        },
        {
          "__id__": 89
        },
        {
          "__id__": 90
        }
      ],
      "_level": 2,
      "_components": [
        {
          "__id__": 91
        }
      ],
      "_contentSize": {
        "__type__": "cc.Size",
        "width": 160,
        "height": 18
      },
      "_position": {
        "__type__": "cc.Vec3",
        "x": 114,
        "y": 16
      },
      "_scale": {
        "__type__": "cc.Vec3",
        "x": 1,
        "y": 1,
        "z": 1
      }
    },
    {
      "__type__": "cc.Node",
      "_name": "BACKGROUND_SPRITE",
      "_parent": {
        "__id__": 87
      },
      "_level": 2,
      "_components": [
        {
          "__type__": "cc.Sprite",
          "node": {
            "__id__": 88
          },
          "_spriteFrame": {
            "__uuid__": "ffDpHHVcZAhqOfy25Fe4w7"
          },
          "_type": 1,
          "_sizeMode": 0
        }
      ],
      "_contentSize": {
        "__type__": "cc.Size",
        "width": 160,
        "height": 18
      },
      "_scale": {
        "__type__": "cc.Vec3",
        "x": 1,
        "y": 1,
        "z": 1
      }
    },
    {
      "__type__": "cc.Node",
      "_name": "TEXT_LABEL",
      "_parent": {
        "__id__": 87
      },
      "_level": 2,
      "_components": [
        {
          "__type__": "cc.Label",
          "node": {
            "__id__": 89
          },
          "_string": "...",
          "_N$string": "...",
          "_fontSize": 20,
          "_enableWrapText": false,
          "_N$verticalAlign": 1,
          "_N$overflow": 1
        }
      ],
      "_contentSize": {
        "__type__": "cc.Size",
        "width": 158,
        "height": 18
      },
      "_anchorPoint": {
        "__type__": "cc.Vec2",
        "y": 1
      },
      "_position": {
        "__type__": "cc.Vec3",
        "x": -78,
        "y": 9
      },
      "_scale": {
        "__type__": "cc.Vec3",
        "x": 1,
        "y": 1,
        "z": 1
      }
    },
    {
      "__type__": "cc.Node",
      "_name": "PLACEHOLDER_LABEL",
      "_parent": {
        "__id__": 87
      },
      "_active": false,
      "_level": 2,
      "_components": [
        {
          "__type__": "cc.Label",
          "node": {
            "__id__": 90
          },
          "_fontSize": 20,
          "_lineHeight": 18,
          "_enableWrapText": false,
          "_N$verticalAlign": 1,
          "_N$overflow": 1
        }
      ],
      "_color": {
        "__type__": "cc.Color",
        "r": 187,
        "g": 187,
        "b": 187
      },
      "_contentSize": {
        "__type__": "cc.Size",
        "width": 158,
        "height": 18
      },
      "_anchorPoint": {
        "__type__": "cc.Vec2",
        "y": 1
      },
      "_position": {
        "__type__": "cc.Vec3",
        "x": -78,
        "y": 9
      },
      "_scale": {
        "__type__": "cc.Vec3",
        "x": 1,
        "y": 1,
        "z": 1
      }
    },
    {
      "__type__": "cc.EditBox",
      "node": {
        "__id__": 87
      },
      "_useOriginalSize": false,
      "_string": "...",
      "_N$backgroundImage": {
        "__uuid__": "ffDpHHVcZAhqOfy25Fe4w7"
      },
      "_N$returnType": 0,
      "_N$fontSize": 20,
      "_N$lineHeight": 40,
      "_N$fontColor": {
        "__type__": "cc.Color",
        "r": 255,
        "g": 255,
        "b": 255
      },
      "_N$placeholder": "",
      "_N$placeholderFontSize": 20,
      "_N$placeholderFontColor": {
        "__type__": "cc.Color",
        "r": 187,
        "g": 187,
        "b": 187
      },
      "_N$maxLength": 111,
      "_N$inputMode": 6
    },
    {
      "__type__": "cc.Node",
      "_name": "New Node",
      "_parent": {
        "__id__": 1
      },
      "_children": [
        {
          "__id__": 93
        }
      ],
      "_level": 1,
      "_color": {
        "__type__": "cc.Color",
        "r": 209,
        "g": 38,
        "b": 38
      },
      "_contentSize": {
        "__type__": "cc.Size",
        "width": 100,
        "height": 100
      },
      "_position": {
        "__type__": "cc.Vec3",
        "x": 897,
        "y": 627
      },
      "_scale": {
        "__type__": "cc.Vec3",
        "x": 1,
        "y": 1,
        "z": 1
      },
      "_id": "43rRA1leVKdJzUugksZW4N"
    },
    {
      "__type__": "cc.Node",
      "_name": "textToturail",
      "_parent": {
        "__id__": 92
      },
      "_children": [
        {
          "__id__": 94
        }
      ],
      "_level": 2,
      "_components": [
        {
          "__type__": "cc.RichText",
          "node": {
            "__id__": 93
          },
          "_N$string": "<color=#1799D1><u>自托管教程</u></color>",
          "_N$fontSize": 16,
          "_N$lineHeight": 50
        }
      ],
      "_contentSize": {
        "__type__": "cc.Size",
        "width": 80,
        "height": 50
      },
      "_position": {
        "__type__": "cc.Vec3",
        "x": -17.7,
        "y": -1.3
      },
      "_scale": {
        "__type__": "cc.Vec3",
        "x": 1,
        "y": 1,
        "z": 1
      }
    },
    {
      "__type__": "cc.PrivateNode",
      "_name": "RICHTEXT_CHILD",
      "_parent": {
        "__id__": 93
      },
      "_level": 3,
      "_components": [
        {
          "__type__": "cc.Label",
          "node": {
            "__id__": 94
          },
          "_string": "自托管教程",
          "_N$string": "自托管教程",
          "_fontSize": 16,
          "_lineHeight": 50,
          "_N$verticalAlign": 1
        }
      ],
      "_color": {
        "__type__": "cc.Color",
        "r": 23,
        "g": 153,
        "b": 209
      },
      "_contentSize": {
        "__type__": "cc.Size",
        "width": 80,
        "height": 50
      },
      "_anchorPoint": {
        "__type__": "cc.Vec2"
      },
      "_position": {
        "__type__": "cc.Vec3",
        "x": -40,
        "y": -25
      },
      "_scale": {
        "__type__": "cc.Vec3",
        "x": 1,
        "y": 1,
        "z": 1
      }
    }
  ],
  {
    "__type__": "cc.SpriteFrame",
    "content": {
      "name": "default_panel",
      "texture": "d8HsitJHxOYqo801xBk8ev",
      "rect": [
        0,
        0,
        20,
        20
      ],
      "offset": [
        0,
        0
      ],
      "originalSize": [
        20,
        20
      ],
      "capInsets": [
        6,
        6,
        6,
        6
      ]
    }
  },
  {
    "__type__": "cc.SpriteFrame",
    "content": {
      "name": "default_btn_pressed",
      "texture": "b4P/PCArtIdIH38t6mlw8Y",
      "rect": [
        0,
        0,
        40,
        40
      ],
      "offset": [
        0,
        0
      ],
      "originalSize": [
        40,
        40
      ],
      "capInsets": [
        12,
        12,
        12,
        12
      ]
    }
  },
  {
    "__type__": "cc.SpriteFrame",
    "content": {
      "name": "default_btn_normal",
      "texture": "e8Ueib+qJEhL6mXAHdnwbi",
      "rect": [
        0,
        0,
        40,
        40
      ],
      "offset": [
        0,
        0
      ],
      "originalSize": [
        40,
        40
      ],
      "capInsets": [
        12,
        12,
        12,
        12
      ]
    }
  },
  {
    "__type__": "cc.SpriteFrame",
    "content": {
      "name": "default_editbox_bg",
      "texture": "ed0hW5J5ZKBar1gflskoHO",
      "rect": [
        0,
        0,
        40,
        40
      ],
      "offset": [
        0,
        0
      ],
      "originalSize": [
        40,
        40
      ],
      "capInsets": [
        12,
        12,
        12,
        12
      ]
    }
  }
]