[
  {
    "__type__": "cc.SpriteFrame",
    "content": {
      "name": "default_btn_disabled",
      "texture": "71VhFCTINJM6/Ky3oX9nBT",
      "rect": [
        0,
        0,
        40,
        40
      ],
      "offset": [
        0,
        0
      ],
      "originalSize": [
        40,
        40
      ],
      "capInsets": [
        12,
        12,
        12,
        12
      ]
    }
  },
  {
    "__type__": "cc.SpriteFrame",
    "content": {
      "name": "default_panel",
      "texture": "d8HsitJHxOYqo801xBk8ev",
      "rect": [
        0,
        0,
        20,
        20
      ],
      "offset": [
        0,
        0
      ],
      "originalSize": [
        20,
        20
      ],
      "capInsets": [
        6,
        6,
        6,
        6
      ]
    }
  },
  [
    {
      "__type__": "cc.SceneAsset",
      "_name": "caseExperience",
      "scene": {
        "__id__": 1
      },
      "asyncLoadAssets": null
    },
    {
      "__type__": "cc.Scene",
      "_name": "New Node",
      "_children": [
        {
          "__id__": 2
        }
      ],
      "_anchorPoint": {
        "__type__": "cc.Vec2"
      },
      "_scale": {
        "__type__": "cc.Vec3",
        "x": 0.6532094331062281,
        "y": 0.6532094331062281,
        "z": 1
      },
      "_zIndex": 0,
      "autoReleaseAssets": false
    },
    {
      "__type__": "cc.Node",
      "_name": "Canvas",
      "_parent": {
        "__id__": 1
      },
      "_children": [
        {
          "__id__": 3
        },
        {
          "__id__": 4
        },
        {
          "__id__": 5
        },
        {
          "__id__": 7
        },
        {
          "__id__": 10
        },
        {
          "__id__": 11
        }
      ],
      "_components": [
        {
          "__type__": "cc.Canvas",
          "node": {
            "__id__": 2
          }
        },
        {
          "__type__": "f5b13cJHMFKhLlf0K+qgxKk",
          "node": {
            "__id__": 2
          },
          "web": {
            "__id__": 6
          },
          "back": {
            "__id__": 9
          },
          "btnOpenWithBrowser": {
            "__id__": 13
          }
        }
      ],
      "_contentSize": {
        "__type__": "cc.Size",
        "width": 960,
        "height": 640
      },
      "_position": {
        "__type__": "cc.Vec3",
        "x": 480,
        "y": 320
      },
      "_scale": {
        "__type__": "cc.Vec3",
        "x": 1,
        "y": 1,
        "z": 1
      },
      "_zIndex": 0,
      "_id": "07Z6LDFJNKaZfbTvaV1H9f"
    },
    {
      "__type__": "cc.Node",
      "_name": "Main Camera",
      "_parent": {
        "__id__": 2
      },
      "_level": 1,
      "_components": [
        {
          "__type__": "cc.Camera",
          "node": {
            "__id__": 3
          },
          "_clearFlags": 7,
          "_depth": -1
        }
      ],
      "_position": {
        "__type__": "cc.Vec3",
        "y": 5.684341886080802e-14
      },
      "_scale": {
        "__type__": "cc.Vec3",
        "x": 1,
        "y": 1,
        "z": 1
      },
      "_zIndex": 0
    },
    {
      "__type__": "cc.Node",
      "_name": "New Layout",
      "_parent": {
        "__id__": 2
      },
      "_level": 1,
      "_components": [
        {
          "__type__": "cc.Sprite",
          "node": {
            "__id__": 4
          },
          "_spriteFrame": {
            "__uuid__": "9bvaMerUlDyary99mJa6xp"
          },
          "_type": 1,
          "_sizeMode": 0
        },
        {
          "__type__": "cc.Layout",
          "node": {
            "__id__": 4
          },
          "_layoutSize": {
            "__type__": "cc.Size",
            "width": 960,
            "height": 640
          }
        }
      ],
      "_color": {
        "__type__": "cc.Color",
        "r": 57,
        "g": 61,
        "b": 64
      },
      "_contentSize": {
        "__type__": "cc.Size",
        "width": 960,
        "height": 640
      },
      "_scale": {
        "__type__": "cc.Vec3",
        "x": 1,
        "y": 1,
        "z": 1
      },
      "_zIndex": 0
    },
    {
      "__type__": "cc.Node",
      "_name": "webView",
      "_parent": {
        "__id__": 2
      },
      "_level": 1,
      "_components": [
        {
          "__id__": 6
        }
      ],
      "_color": {
        "__type__": "cc.Color",
        "r": 57,
        "g": 61,
        "b": 64
      },
      "_contentSize": {
        "__type__": "cc.Size",
        "width": 960,
        "height": 580
      },
      "_position": {
        "__type__": "cc.Vec3",
        "y": -30
      },
      "_scale": {
        "__type__": "cc.Vec3",
        "x": 1,
        "y": 1,
        "z": 1
      },
      "_zIndex": 0
    },
    {
      "__type__": "cc.WebView",
      "node": {
        "__id__": 5
      },
      "_useOriginalSize": false,
      "_url": "http://www.matchvs.com/serviceCourse"
    },
    {
      "__type__": "cc.Node",
      "_name": "back",
      "_parent": {
        "__id__": 2
      },
      "_children": [
        {
          "__id__": 8
        }
      ],
      "_level": 1,
      "_components": [
        {
          "__type__": "cc.Sprite",
          "node": {
            "__id__": 7
          },
          "_spriteFrame": {
            "__uuid__": "f0BIwQ8D5Ml7nTNQbh1YlS"
          },
          "_type": 1,
          "_sizeMode": 0
        },
        {
          "__id__": 9
        }
      ],
      "_color": {
        "__type__": "cc.Color",
        "r": 92,
        "g": 108,
        "b": 124
      },
      "_contentSize": {
        "__type__": "cc.Size",
        "width": 200,
        "height": 40
      },
      "_position": {
        "__type__": "cc.Vec3",
        "x": -375,
        "y": 295
      },
      "_scale": {
        "__type__": "cc.Vec3",
        "x": 1,
        "y": 1,
        "z": 1
      },
      "_zIndex": 0
    },
    {
      "__type__": "cc.Node",
      "_name": "Label",
      "_parent": {
        "__id__": 7
      },
      "_components": [
        {
          "__type__": "cc.Label",
          "node": {
            "__id__": 8
          },
          "_useOriginalSize": false,
          "_string": "返回首页",
          "_N$string": "返回首页",
          "_fontSize": 20,
          "_enableWrapText": false,
          "_N$horizontalAlign": 1,
          "_N$verticalAlign": 1,
          "_N$overflow": 1
        }
      ],
      "_contentSize": {
        "__type__": "cc.Size",
        "width": 200,
        "height": 40
      },
      "_scale": {
        "__type__": "cc.Vec3",
        "x": 1,
        "y": 1,
        "z": 1
      },
      "_zIndex": 0
    },
    {
      "__type__": "cc.Button",
      "node": {
        "__id__": 7
      },
      "_N$transition": 2,
      "transition": 2,
      "_N$normalColor": {
        "__type__": "cc.Color",
        "r": 255,
        "g": 255,
        "b": 255
      },
      "_N$pressedColor": {
        "__type__": "cc.Color",
        "r": 255,
        "g": 255,
        "b": 255
      },
      "pressedColor": {
        "__type__": "cc.Color",
        "r": 255,
        "g": 255,
        "b": 255
      },
      "_N$disabledColor": {
        "__type__": "cc.Color",
        "r": 255,
        "g": 255,
        "b": 255
      },
      "_N$normalSprite": {
        "__uuid__": "f0BIwQ8D5Ml7nTNQbh1YlS"
      },
      "_N$pressedSprite": {
        "__uuid__": "e97GVMl6JHh5Ml5qEDdSGa"
      },
      "pressedSprite": {
        "__uuid__": "e97GVMl6JHh5Ml5qEDdSGa"
      },
      "_N$hoverSprite": {
        "__uuid__": "f0BIwQ8D5Ml7nTNQbh1YlS"
      },
      "hoverSprite": {
        "__uuid__": "f0BIwQ8D5Ml7nTNQbh1YlS"
      },
      "_N$disabledSprite": {
        "__uuid__": "29FYIk+N1GYaeWH/q1NxQO"
      },
      "_N$target": {
        "__id__": 7
      }
    },
    {
      "__type__": "cc.Node",
      "_name": "New Label",
      "_parent": {
        "__id__": 2
      },
      "_level": 1,
      "_components": [
        {
          "__type__": "cc.Label",
          "node": {
            "__id__": 10
          },
          "_useOriginalSize": false,
          "_string": "http://www.matchvs.com/serviceCourse",
          "_N$string": "http://www.matchvs.com/serviceCourse",
          "_fontSize": 20,
          "_lineHeight": 20,
          "_N$horizontalAlign": 1,
          "_N$verticalAlign": 1
        }
      ],
      "_contentSize": {
        "__type__": "cc.Size",
        "width": 348.99,
        "height": 20
      },
      "_position": {
        "__type__": "cc.Vec3",
        "x": -75,
        "y": 295
      },
      "_scale": {
        "__type__": "cc.Vec3",
        "x": 1,
        "y": 1,
        "z": 1
      },
      "_zIndex": 0
    },
    {
      "__type__": "cc.Node",
      "_name": "btnOpenWithBrowser",
      "_parent": {
        "__id__": 2
      },
      "_children": [
        {
          "__id__": 12
        }
      ],
      "_level": 1,
      "_components": [
        {
          "__type__": "cc.Sprite",
          "node": {
            "__id__": 11
          },
          "_spriteFrame": {
            "__uuid__": "f0BIwQ8D5Ml7nTNQbh1YlS"
          },
          "_type": 1,
          "_sizeMode": 0
        },
        {
          "__id__": 13
        }
      ],
      "_contentSize": {
        "__type__": "cc.Size",
        "width": 200,
        "height": 40
      },
      "_position": {
        "__type__": "cc.Vec3",
        "x": 361,
        "y": 294
      },
      "_scale": {
        "__type__": "cc.Vec3",
        "x": 1,
        "y": 1,
        "z": 1
      },
      "_zIndex": 0
    },
    {
      "__type__": "cc.Node",
      "_name": "Label",
      "_parent": {
        "__id__": 11
      },
      "_components": [
        {
          "__type__": "cc.Label",
          "node": {
            "__id__": 12
          },
          "_useOriginalSize": false,
          "_string": "以外部浏览器中打开",
          "_N$string": "以外部浏览器中打开",
          "_fontSize": 20,
          "_enableWrapText": false,
          "_N$horizontalAlign": 1,
          "_N$verticalAlign": 1,
          "_N$overflow": 1
        }
      ],
      "_color": {
        "__type__": "cc.Color"
      },
      "_contentSize": {
        "__type__": "cc.Size",
        "width": 180,
        "height": 40
      },
      "_scale": {
        "__type__": "cc.Vec3",
        "x": 1,
        "y": 1,
        "z": 1
      },
      "_zIndex": 0
    },
    {
      "__type__": "cc.Button",
      "node": {
        "__id__": 11
      },
      "_N$transition": 2,
      "transition": 2,
      "_N$normalColor": {
        "__type__": "cc.Color",
        "r": 255,
        "g": 255,
        "b": 255
      },
      "_N$pressedColor": {
        "__type__": "cc.Color",
        "r": 255,
        "g": 255,
        "b": 255
      },
      "pressedColor": {
        "__type__": "cc.Color",
        "r": 255,
        "g": 255,
        "b": 255
      },
      "_N$disabledColor": {
        "__type__": "cc.Color",
        "r": 255,
        "g": 255,
        "b": 255
      },
      "_N$normalSprite": {
        "__uuid__": "f0BIwQ8D5Ml7nTNQbh1YlS"
      },
      "_N$pressedSprite": {
        "__uuid__": "e97GVMl6JHh5Ml5qEDdSGa"
      },
      "pressedSprite": {
        "__uuid__": "e97GVMl6JHh5Ml5qEDdSGa"
      },
      "_N$hoverSprite": {
        "__uuid__": "f0BIwQ8D5Ml7nTNQbh1YlS"
      },
      "hoverSprite": {
        "__uuid__": "f0BIwQ8D5Ml7nTNQbh1YlS"
      },
      "_N$disabledSprite": {
        "__uuid__": "29FYIk+N1GYaeWH/q1NxQO"
      },
      "_N$target": {
        "__id__": 11
      }
    }
  ],
  {
    "__type__": "cc.SpriteFrame",
    "content": {
      "name": "default_btn_pressed",
      "texture": "b4P/PCArtIdIH38t6mlw8Y",
      "rect": [
        0,
        0,
        40,
        40
      ],
      "offset": [
        0,
        0
      ],
      "originalSize": [
        40,
        40
      ],
      "capInsets": [
        12,
        12,
        12,
        12
      ]
    }
  },
  {
    "__type__": "cc.SpriteFrame",
    "content": {
      "name": "default_btn_normal",
      "texture": "e8Ueib+qJEhL6mXAHdnwbi",
      "rect": [
        0,
        0,
        40,
        40
      ],
      "offset": [
        0,
        0
      ],
      "originalSize": [
        40,
        40
      ],
      "capInsets": [
        12,
        12,
        12,
        12
      ]
    }
  }
]